Workbook
Name Dilimleyici_MachineType: #N/A
Name Dilimleyici_MachineType1: #N/A
Name Dilimleyici_MaintenanceType: #N/A
Name Dilimleyici_MaintenanceType1: #N/A
Name Dilimleyici_ProductionLine: #N/A
Name Dilimleyici_ProductionLine1: #N/A
Name dinamik_arıza: OFFSET(pivot!$EN$4, 0, 0, COUNT(pivot!$EN:$EN), 1)
Name dinamik_skor: OFFSET(pivot!$EM$4, 0, 0, COUNT(pivot!$EM:$EM), 1)
Name Slicer_CriticalityLevel: #N/A
Name Slicer_MachineID: #N/A
Name Slicer_MachineType: #N/A
Name Slicer_MaintenanceType: #N/A
Name Slicer_ProductionLine: #N/A
Name Slicer_Years__InstallationDate: #N/A

Sheet data
A1: MachineID | B1: MachineType | C1: ProductionLine | D1: InstallationDate | E1: MachineAge | F1: OperatingHours | G1: LastMaintenanceDate | H1: MaintenanceType | I1: MaintenanceInterval | J1: TimeSinceLastMaintenance | K1: FailureCount | L1: TimeToFailure | M1: MTBF_hours | N1: MTTR_hours | O1: DowntimeDuration_hours | P1: DowntimeCost_USD | Q1: RepairCost_USD | R1: SparePartCost_USD | S1: TotalMaintenanceCost_USD | T1: ProductionLoss_units | U1: FailureSeverity | V1: failure prob % | W1: FailureProbability_% | X1: RiskScore | Y1: CriticalityLevel | Z1: ConditionMonitoringScore | AA1: EnergyConsumptionIncrease_% | AB1: EnvironmentalImpactScore | AC1: CostPerDowntimeHour | AD1: visibleconditionscore | AE1: visibletimetofailure | AF1: Column1 | AG1: Column2 | AH1: energyinefficienyscore | AI1: nextmaintenance
A2: MAC-0001 | B2: Robot | C2: Line A | D2: 39872 | E2: 15 | F2: 61950 | G2: 45244 | H2: Corrective | I2: 65 | J2: 103 | K2: 124 | L2: 408 | M2: 5000 | N2: 308 | O2: 38239 | P2: 114717422 | Q2: 2189631 | R2: 482545 | S2: 117389599 | T2: 118541 | U2: 6 | V2: =W2/$K$1002 -> 0.026867134 | W2: 713 | X2: 428 | Y2: Medium | Z2: 358 | AA2: 202 | AB2: 2 | AC2: =IF(O2=0,0,P2/O2) -> 3000.011 | AD2: =IF(SUBTOTAL(103,tablo1[[#This Row],[MachineID]]), tablo1[[#This Row],[ConditionMonitoringScore]], "") -> 358 | AE2: =IF(SUBTOTAL(103,tablo1[[#This Row],[MachineID]]), tablo1[[#This Row],[TimeToFailure]], "") -> 408 | AF2: xbar | AG2: =SUBTOTAL(1,pivot!BM7:BM1006) -> 267.239 | AH2: =(AA2-MIN($AA$2:$AA$1001))/(MAX($AA$2:$AA$1001)-MIN($AA$2:$AA$1001))*100 -> 60.841424 | AI2: =IF(OR(tablo1[[#This Row],[visibletimetofailure]]<5000,tablo1[[#This Row],[visibleconditionscore]]<300),"YES","NO") -> YES
A3: MAC-0002 | B3: Packaging | C3: Line D | D3: 39142 | E3: 17 | F3: 59058 | G3: 45332 | H3: Corrective | I3: 86 | J3: 15 | K3: 29 | L3: 662 | M3: 20703 | N3: 189 | O3: 5485 | P3: 16455323 | Q3: 1216215 | R3: 26821 | S3: 17939747 | T3: 26328 | U3: 4 | V3: =W3/$K$1002 -> 0.021252544 | W3: 564 | X3: 225 | Y3: Medium | Z3: 511 | AA3: 153 | AB3: 1 | AC3: =IF(O3=0,0,P3/O3) -> 3000.0589 | AD3: =IF(SUBTOTAL(103,tablo1[[#This Row],[MachineID]]), tablo1[[#This Row],[ConditionMonitoringScore]], "") -> 511 | AE3: =IF(SUBTOTAL(103,tablo1[[#This Row],[MachineID]]), tablo1[[#This Row],[TimeToFailure]], "") -> 662 | AF3: s | AG3: =SUBTOTAL(7,pivot!BM7:BM1006) -> 194.07892 | AH3: =(AA3-MIN($AA$2:$AA$1001))/(MAX($AA$2:$AA$1001)-MIN($AA$2:$AA$1001))*100 -> 44.983819 | AI3: =IF(OR(tablo1[[#This Row],[visibletimetofailure]]<5000,tablo1[[#This Row],[visibleconditionscore]]<300),"YES","NO") -> YES
A4: MAC-0003 | B4: Press | C4: Line D | D4: 40237 | E4: 14 | F4: 45374 | G4: 45294 | H4: Corrective | I4: 70 | J4: 53 | K4: 26 | L4: 875 | M4: 16813 | N4: 98 | O4: 2537 | P4: 7610107 | Q4: 171263 | R4: 92516 | S4: 7873885 | T4: 3297 | U4: 1 | V4: =W4/$K$1002 -> 0.022496043 | W4: 597 | X4: 60 | Y4: Medium | Z4: 444 | AA4: 176 | AB4: 4 | AC4: =IF(O4=0,0,P4/O4) -> 2999.648 | AD4: =IF(SUBTOTAL(103,tablo1[[#This Row],[MachineID]]), tablo1[[#This Row],[ConditionMonitoringScore]], "") -> 444 | AE4: =IF(SUBTOTAL(103,tablo1[[#This Row],[MachineID]]), tablo1[[#This Row],[TimeToFailure]], "") -> 875 | AF4: n | AG4: =SUBTOTAL(2,pivot!BM7:BM1006) -> 1000 | AH4: =(AA4-MIN($AA$2:$AA$1001))/(MAX($AA$2:$AA$1001)-MIN($AA$2:$AA$1001))*100 -> 52.427184 | AI4: =IF(OR(tablo1[[#This Row],[visibletimetofailure]]<5000,tablo1[[#This Row],[visibleconditionscore]]<300),"YES","NO") -> YES
A5: MAC-0004 | B5: Packaging | C5: Line C | D5: 38777 | E5: 18 | F5: 67122 | G5: 45285 | H5: Corrective | I5: 54 | J5: 62 | K5: 19 | L5: 555 | M5: 38362 | N5: 235 | O5: 4474 | P5: 13423367 | Q5: 2694598 | R5: 1195864 | S5: 17313829 | T5: 15660 | U5: 9 | V5: =W5/$K$1002 -> 0.025435225 | W5: 675 | X5: 607 | Y5: Medium | Z5: 429 | AA5: 186 | AB5: 5 | AC5: =IF(O5=0,0,P5/O5) -> 3000.3055 | AD5: =IF(SUBTOTAL(103,tablo1[[#This Row],[MachineID]]), tablo1[[#This Row],[ConditionMonitoringScore]], "") -> 429 | AE5: =IF(SUBTOTAL(103,tablo1[[#This Row],[MachineID]]), tablo1[[#This Row],[TimeToFailure]], "") -> 555 | AH5: =(AA5-MIN($AA$2:$AA$1001))/(MAX($AA$2:$AA$1001)-MIN($AA$2:$AA$1001))*100 -> 55.66343 | AI5: =IF(OR(tablo1[[#This Row],[visibletimetofailure]]<5000,tablo1[[#This Row],[visibleconditionscore]]<300),"YES","NO") -> YES
A6: MAC-0005 | B6: CNC | C6: Line D | D6: 40602 | E6: 13 | F6: 52832 | G6: 45282 | H6: Preventive | I6: 134 | J6: 65 | K6: 10 | L6: 4574 | M6: 50595 | N6: 101 | O6: 1013 | P6: 1012898 | Q6: 1320994 | R6: 786309 | S6: 3120201 | T6: 4355 | U6: 7 | V6: =W6/$K$1002 -> 0.020913407 | W6: 555 | X6: 388 | Y6: Low | Z6: 509 | AA6: 155 | AB6: 2 | AC6: =IF(O6=0,0,P6/O6) -> 999.89931 | AD6: =IF(SUBTOTAL(103,tablo1[[#This Row],[MachineID]]), tablo1[[#This Row],[ConditionMonitoringScore]], "") -> 509 | AE6: =IF(SUBTOTAL(103,tablo1[[#This Row],[MachineID]]), tablo1[[#This Row],[TimeToFailure]], "") -> 4574 | AF6: x | AG6: =500 -> 500 | AH6: =(AA6-MIN($AA$2:$AA$1001))/(MAX($AA$2:$AA$1001)-MIN($AA$2:$AA$1001))*100 -> 45.631068 | AI6: =IF(OR(tablo1[[#This Row],[visibletimetofailure]]<5000,tablo1[[#This Row],[visibleconditionscore]]<300),"YES","NO") -> YES
A7: MAC-0006 | B7: CNC | C7: Line D | D7: 43522 | E7: 5 | F7: 15490 | G7: 45256 | H7: Predictive | I7: 66 | J7: 91 | K7: 2 | L7: 6879 | M7: 58514 | N7: 168 | O7: 337 | P7: 1010886 | Q7: 1683595 | R7: 367793 | S7: 3062274 | T7: 741 | U7: 7 | V7: =W7/$K$1002 -> 0.012774135 | W7: 339 | X7: 237 | Y7: Medium | Z7: 712 | AA7: 104 | AB7: 3 | AC7: =IF(O7=0,0,P7/O7) -> 2999.6617 | AD7: =IF(SUBTOTAL(103,tablo1[[#This Row],[MachineID]]), tablo1[[#This Row],[ConditionMonitoringScore]], "") -> 712 | AE7: =IF(SUBTOTAL(103,tablo1[[#This Row],[MachineID]]), tablo1[[#This Row],[TimeToFailure]], "") -> 6879 | AH7: =(AA7-MIN($AA$2:$AA$1001))/(MAX($AA$2:$AA$1001)-MIN($AA$2:$AA$1001))*100 -> 29.126214 | AI7: =IF(OR(tablo1[[#This Row],[visibletimetofailure]]<5000,tablo1[[#This Row],[visibleconditionscore]]<300),"YES","NO") -> NO
A8: MAC-0007 | B8: Conveyor | C8: Line C | D8: 42792 | E8: 7 | F8: 29848 | G8: 45215 | H8: Corrective | I8: 76 | J8: 132 | K8: 9 | L8: 640 | M8: 40655 | N8: 105 | O8: 948 | P8: 2844061 | Q8: 1386561 | R8: 787048 | S8: 501767 | T8: 1422 | U8: 7 | V8: =W8/$K$1002 -> 0.019293089 | W8: 512 | X8: 359 | Y8: Medium | Z8: 541 | AA8: 160 | AB8: 3 | AC8: =IF(O8=0,0,P8/O8) -> 3000.0643 | AD8: =IF(SUBTOTAL(103,tablo1[[#This Row],[MachineID]]), tablo1[[#This Row],[ConditionMonitoringScore]], "") -> 541 | AE8: =IF(SUBTOTAL(103,tablo1[[#This Row],[MachineID]]), tablo1[[#This Row],[TimeToFailure]], "") -> 640 | AF8: t | AG8: =(AG6-AG2)/(AG3) -> 1.1993111 | AH8: =(AA8-MIN($AA$2:$AA$1001))/(MAX($AA$2:$AA$1001)-MIN($AA$2:$AA$1001))*100 -> 47.249191 | AI8: =IF(OR(tablo1[[#This Row],[visibletimetofailure]]<5000,tablo1[[#This Row],[visibleconditionscore]]<300),"YES","NO") -> YES
A9: MAC-0008 | B9: Robot | C9: Line D | D9: 40967 | E9: 12 | F9: 54948 | G9: 45255 | H9: Preventive | I9: 55 | J9: 92 | K9: 14 | L9: 3396 | M9: 40728 | N9: 140 | O9: 1958 | P9: 5874502 | Q9: 1642487 | R9: 59819 | S9: 8115179 | T9: 7049 | U9: 9 | V9: =W9/$K$1002 -> 0.023701861 | W9: 629 | X9: 566 | Y9: Medium | Z9: 405 | AA9: 192 | AB9: 4 | AC9: =IF(O9=0,0,P9/O9) -> 3000.2564 | AD9: =IF(SUBTOTAL(103,tablo1[[#This Row],[MachineID]]), tablo1[[#This Row],[ConditionMonitoringScore]], "") -> 405 | AE9: =IF(SUBTOTAL(103,tablo1[[#This Row],[MachineID]]), tablo1[[#This Row],[TimeToFailure]], "") -> 3396 | AH9: =(AA9-MIN($AA$2:$AA$1001))/(MAX($AA$2:$AA$1001)-MIN($AA$2:$AA$1001))*100 -> 57.605178 | AI9: =IF(OR(tablo1[[#This Row],[visibletimetofailure]]<5000,tablo1[[#This Row],[visibleconditionscore]]<300),"YES","NO") -> YES
A10: MAC-0009 | B10: CNC | C10: Line B | D10: 43522 | E10: 5 | F10: 21240 | G10: 45195 | H10: Predictive | I10: 133 | J10: 152 | K10: 4 | L10: 3863 | M10: 44811 | N10: 125 | O10: 500 | P10: 499994 | Q10: 156471 | R10: 99725 | S10: 75619 | T10: 2299 | U10: 1 | V10: =W10/$K$1002 -> 0.019368453 | W10: 514 | X10: 51 | Y10: Low | Z10: 522 | AA10: 173 | AB10: 2 | AC10: =IF(O10=0,0,P10/O10) -> 999.988 | AD10: =IF(SUBTOTAL(103,tablo1[[#This Row],[MachineID]]), tablo1[[#This Row],[ConditionMonitoringScore]], "") -> 522 | AE10: =IF(SUBTOTAL(103,tablo1[[#This Row],[MachineID]]), tablo1[[#This Row],[TimeToFailure]], "") -> 3863 | AF10: df | AG10: =AG4-1 -> 999 | AH10: =(AA10-MIN($AA$2:$AA$1001))/(MAX($AA$2:$AA$1001)-MIN($AA$2:$AA$1001))*100 -> 51.456311 | AI10: =IF(OR(tablo1[[#This Row],[visibletimetofailure]]<5000,tablo1[[#This Row],[visibleconditionscore]]<300),"YES","NO") -> YES
A11: MAC-0010 | B11: CNC | C11: Line D | D11: 39142 | E11: 17 | F11: 62866 | G11: 45255 | H11: Corrective | I11: 46 | J11: 92 | K11: 125 | L11: 323 | M11: 5000 | N11: 305 | O11: 38102 | P11: 114306936 | Q11: 1323933 | R11: 315868 | S11: 115946737 | T11: 49533 | U11: 3 | V11: =W11/$K$1002 -> 0.029391816 | W11: 780 | X11: 234 | Y11: Medium | Z11: 278 | AA11: 235 | AB11: 2 | AC11: =IF(O11=0,0,P11/O11) -> 3000.0246 | AD11: =IF(SUBTOTAL(103,tablo1[[#This Row],[MachineID]]), tablo1[[#This Row],[ConditionMonitoringScore]], "") -> 278 | AE11: =IF(SUBTOTAL(103,tablo1[[#This Row],[MachineID]]), tablo1[[#This Row],[TimeToFailure]], "") -> 323 | AH11: =(AA11-MIN($AA$2:$AA$1001))/(MAX($AA$2:$AA$1001)-MIN($AA$2:$AA$1001))*100 -> 71.521036 | AI11: =IF(OR(tablo1[[#This Row],[visibletimetofailure]]<5000,tablo1[[#This Row],[visibleconditionscore]]<300),"YES","NO") -> YES
A12: MAC-0011 | B12: Conveyor | C12: Line D | D12: 39142 | E12: 17 | F12: 64022 | G12: 45277 | H12: Corrective | I12: 19 | J12: 70 | K12: 128 | L12: 223 | M12: 5000 | N12: 217 | O12: 27751 | P12: 138754388 | Q12: 793658 | R12: 363345 | S12: 139911391 | T12: 77702 | U12: 3 | V12: =W12/$K$1002 -> 0.027922225 | W12: 741 | X12: 222 | Y12: High | Z12: 306 | AA12: 221 | AB12: 4 | AC12: =IF(O12=0,0,P12/O12) -> 4999.9779 | AD12: =IF(SUBTOTAL(103,tablo1[[#This Row],[MachineID]]), tablo1[[#This Row],[ConditionMonitoringScore]], "") -> 306 | AE12: =IF(SUBTOTAL(103,tablo1[[#This Row],[MachineID]]), tablo1[[#This Row],[TimeToFailure]], "") -> 223 | AF12: P(X>x) | AG12: =_xlfn.T.DIST.RT(AG8,AG10) -> 0.11534569 | AH12: =(AA12-MIN($AA$2:$AA$1001))/(MAX($AA$2:$AA$1001)-MIN($AA$2:$AA$1001))*100 -> 66.990291 | AI12: =IF(OR(tablo1[[#This Row],[visibletimetofailure]]<5000,tablo1[[#This Row],[visibleconditionscore]]<300),"YES","NO") -> YES
A13: MAC-0012 | B13: Robot | C13: Line D | D13: 42792 | E13: 7 | F13: 33901 | G13: 45308 | H13: Corrective | I13: 22 | J13: 39 | K13: 6 | L13: 7306 | M13: 55045 | N13: 130 | O13: 780 | P13: 3901038 | Q13: 2197072 | R13: 682147 | S13: 6780257 | T13: 1950 | U13: 9 | V13: =W13/$K$1002 -> 0.01183209 | W13: 314 | X13: 283 | Y13: High | Z13: 716 | AA13: 113 | AB13: 2 | AC13: =IF(O13=0,0,P13/O13) -> 5001.3308 | AD13: =IF(SUBTOTAL(103,tablo1[[#This Row],[MachineID]]), tablo1[[#This Row],[ConditionMonitoringScore]], "") -> 716 | AE13: =IF(SUBTOTAL(103,tablo1[[#This Row],[MachineID]]), tablo1[[#This Row],[TimeToFailure]], "") -> 7306 | AH13: =(AA13-MIN($AA$2:$AA$1001))/(MAX($AA$2:$AA$1001)-MIN($AA$2:$AA$1001))*100 -> 32.038835 | AI13: =IF(OR(tablo1[[#This Row],[visibletimetofailure]]<5000,tablo1[[#This Row],[visibleconditionscore]]<300),"YES","NO") -> NO
A14: MAC-0013 | B14: Press | C14: Line D | D14: 39142 | E14: 17 | F14: 51017 | G14: 45335 | H14: Preventive | I14: 44 | J14: 12 | K14: 37 | L14: 1222 | M14: 13764 | N14: 259 | O14: 9586 | P14: 47929564 | Q14: 1383384 | R14: 342609 | S14: 49655557 | T14: 19171 | U14: 3 | V14: =W14/$K$1002 -> 0.021855453 | W14: 580 | X14: 174 | Y14: High | Z14: 479 | AA14: 183 | AB14: 4 | AC14: =IF(O14=0,0,P14/O14) -> 4999.9545 | AD14: =IF(SUBTOTAL(103,tablo1[[#This Row],[MachineID]]), tablo1[[#This Row],[ConditionMonitoringScore]], "") -> 479 | AE14: =IF(SUBTOTAL(103,tablo1[[#This Row],[MachineID]]), tablo1[[#This Row],[TimeToFailure]], "") -> 1222 | AH14: =(AA14-MIN($AA$2:$AA$1001))/(MAX($AA$2:$AA$1001)-MIN($AA$2:$AA$1001))*100 -> 54.692557 | AI14: =IF(OR(tablo1[[#This Row],[visibletimetofailure]]<5000,tablo1[[#This Row],[visibleconditionscore]]<300),"YES","NO") -> YES
A15: MAC-0014 | B15: CNC | C15: Line D | D15: 43887 | E15: 4 | F15: 17780 | G15: 45235 | H15: Corrective | I15: 79 | J15: 112 | K15: 5 | L15: 5427 | M15: 35431 | N15: 102 | O15: 512 | P15: 1536939 | Q15: 338529 | R15: 144854 | S15: 2020322 | T15: 2151 | U15: 2 | V15: =W15/$K$1002 -> 0.013377044 | W15: 355 | X15: 71 | Y15: Medium | Z15: 695 | AA15: 114 | AB15: 2 | AC15: =IF(O15=0,0,P15/O15) -> 3001.834 | AD15: =IF(SUBTOTAL(103,tablo1[[#This Row],[MachineID]]), tablo1[[#This Row],[ConditionMonitoringScore]], "") -> 695 | AE15: =IF(SUBTOTAL(103,tablo1[[#This Row],[MachineID]]), tablo1[[#This Row],[TimeToFailure]], "") -> 5427 | AH15: =(AA15-MIN($AA$2:$AA$1001))/(MAX($AA$2:$AA$1001)-MIN($AA$2:$AA$1001))*100 -> 32.36246 | AI15: =IF(OR(tablo1[[#This Row],[visibletimetofailure]]<5000,tablo1[[#This Row],[visibleconditionscore]]<300),"YES","NO") -> NO
A16: MAC-0015 | B16: Robot | C16: Line A | D16: 40237 | E16: 14 | F16: 60200 | G16: 45212 | H16: Predictive | I16: 97 | J16: 135 | K16: 15 | L16: 3546 | M16: 46207 | N16: 145 | O16: 2177 | P16: 2176524 | Q16: 1659468 | R16: 560637 | S16: 4396629 | T16: 6529 | U16: 6 | V16: =W16/$K$1002 -> 0.027658452 | W16: 734 | X16: 441 | Y16: Low | Z16: 351 | AA16: 212 | AB16: 5 | AC16: =IF(O16=0,0,P16/O16) -> 999.78135 | AD16: =IF(SUBTOTAL(103,tablo1[[#This Row],[MachineID]]), tablo1[[#This Row],[ConditionMonitoringScore]], "") -> 351 | AE16: =IF(SUBTOTAL(103,tablo1[[#This Row],[MachineID]]), tablo1[[#This Row],[TimeToFailure]], "") -> 3546 | AH16: =(AA16-MIN($AA$2:$AA$1001))/(MAX($AA$2:$AA$1001)-MIN($AA$2:$AA$1001))*100 -> 64.07767 | AI16: =IF(OR(tablo1[[#This Row],[visibletimetofailure]]<5000,tablo1[[#This Row],[visibleconditionscore]]<300),"YES","NO") -> YES
A17: MAC-0016 | B17: CNC | C17: Line D | D17: 39872 | E17: 15 | F17: 59385 | G17: 45286 | H17: Predictive | I17: 42 | J17: 61 | K17: 12 | L17: 116 | M17: 45697 | N17: 314 | O17: 3766 | P17: 18828067 | Q17: 3064381 | R17: 415375 | S17: 22307822 | T17: 15062 | U17: 5 | V17: =W17/$K$1002 -> 0.021553998 | W17: 572 | X17: 286 | Y17: High | Z17: 523 | AA17: 167 | AB17: 3 | AC17: =IF(O17=0,0,P17/O17) -> 4999.4867 | AD17: =IF(SUBTOTAL(103,tablo1[[#This Row],[MachineID]]), tablo1[[#This Row],[ConditionMonitoringScore]], "") -> 523 | AE17: =IF(SUBTOTAL(103,tablo1[[#This Row],[MachineID]]), tablo1[[#This Row],[TimeToFailure]], "") -> 116 | AH17: =(AA17-MIN($AA$2:$AA$1001))/(MAX($AA$2:$AA$1001)-MIN($AA$2:$AA$1001))*100 -> 49.514563 | AI17: =IF(OR(tablo1[[#This Row],[visibletimetofailure]]<5000,tablo1[[#This Row],[visibleconditionscore]]<300),"YES","NO") -> YES
A18: MAC-0017 | B18: Conveyor | C18: Line D | D18: 44982 | E18: 1 | F18: 4139 | G18: 45187 | H18: Predictive | I18: 174 | J18: 160 | K18: 0 | L18: 12230 | M18: 63767 | N18: 211 | O18: 0 | P18: 0 | Q18: 1258074 | R18: 192025 | S18: 1450099 | T18: 0 | U18: 3 | V18: =W18/$K$1002 -> 0.014620544 | W18: 388 | X18: 117 | Y18: Low | Z18: 644 | AA18: 127 | AB18: 2 | AC18: =IF(O18=0,0,P18/O18) -> 0 | AD18: =IF(SUBTOTAL(103,tablo1[[#This Row],[MachineID]]), tablo1[[#This Row],[ConditionMonitoringScore]], "") -> 644 | AE18: =IF(SUBTOTAL(103,tablo1[[#This Row],[MachineID]]), tablo1[[#This Row],[TimeToFailure]], "") -> 12230 | AH18: =(AA18-MIN($AA$2:$AA$1001))/(MAX($AA$2:$AA$1001)-MIN($AA$2:$AA$1001))*100 -> 36.569579 | AI18: =IF(OR(tablo1[[#This Row],[visibletimetofailure]]<5000,tablo1[[#This Row],[visibleconditionscore]]<300),"YES","NO") -> NO
A19: MAC-0018 | B19: Press | C19: Line B | D19: 39142 | E19: 17 | F19: 70159 | G19: 45308 | H19: Preventive | I19: 87 | J19: 39 | K19: 35 | L19: 1990 | M19: 20067 | N19: 161 | O19: 5648 | P19: 1694338 | Q19: 1297617 | R19: 902316 | S19: 19143313 | T19: 16378 | U19: 8 | V19: =W19/$K$1002 -> 0.026339589 | W19: 699 | X19: 559 | Y19: Medium | Z19: 325 | AA19: 210 | AB19: 5 | AC19: =IF(O19=0,0,P19/O19) -> 299.98902 | AD19: =IF(SUBTOTAL(103,tablo1[[#This Row],[MachineID]]), tablo1[[#This Row],[ConditionMonitoringScore]], "") -> 325 | AE19: =IF(SUBTOTAL(103,tablo1[[#This Row],[MachineID]]), tablo1[[#This Row],[TimeToFailure]], "") -> 1990 | AH19: =(AA19-MIN($AA$2:$AA$1001))/(MAX($AA$2:$AA$1001)-MIN($AA$2:$AA$1001))*100 -> 63.430421 | AI19: =IF(OR(tablo1[[#This Row],[visibletimetofailure]]<5000,tablo1[[#This Row],[visibleconditionscore]]<300),"YES","NO") -> YES
A20: MAC-0019 | B20: CNC | C20: Line D | D20: 40237 | E20: 14 | F20: 47586 | G20: 45204 | H20: Corrective | I20: 176 | J20: 143 | K20: 55 | L20: 764 | M20: 8814 | N20: 124 | O20: 6826 | P20: 6826004 | Q20: 931006 | R20: 323301 | S20: 808031 | T20: 16382 | U20: 6 | V20: =W20/$K$1002 -> 0.029090361 | W20: 772 | X20: 463 | Y20: Low | Z20: 302 | AA20: 236 | AB20: 2 | AC20: =IF(O20=0,0,P20/O20) -> 1000.0006 | AD20: =IF(SUBTOTAL(103,tablo1[[#This Row],[MachineID]]), tablo1[[#This Row],[ConditionMonitoringScore]], "") -> 302 | AE20: =IF(SUBTOTAL(103,tablo1[[#This Row],[MachineID]]), tablo1[[#This Row],[TimeToFailure]], "") -> 764 | AH20: =(AA20-MIN($AA$2:$AA$1001))/(MAX($AA$2:$AA$1001)-MIN($AA$2:$AA$1001))*100 -> 71.84466 | AI20: =IF(OR(tablo1[[#This Row],[visibletimetofailure]]<5000,tablo1[[#This Row],[visibleconditionscore]]<300),"YES","NO") -> YES
A21: MAC-0020 | B21: Conveyor | C21: Line D | D21: 43522 | E21: 5 | F21: 19960 | G21: 45342 | H21: Predictive | I21: 42 | J21: 5 | K21: 2 | L21: 9158 | M21: 81673 | N21: 162 | O21: 324 | P21: 161898 | Q21: 956592 | R21: 364379 | S21: 2939951 | T21: 906 | U21: 3 | V21: =W21/$K$1002 -> 0.0076117266 | W21: 202 | X21: 61 | Y21: High | Z21: 797 | AA21: 69 | AB21: 4 | AC21: =IF(O21=0,0,P21/O21) -> 499.68519 | AD21: =IF(SUBTOTAL(103,tablo1[[#This Row],[MachineID]]), tablo1[[#This Row],[ConditionMonitoringScore]], "") -> 797 | AE21: =IF(SUBTOTAL(103,tablo1[[#This Row],[MachineID]]), tablo1[[#This Row],[TimeToFailure]], "") -> 9158 | AH21: =(AA21-MIN($AA$2:$AA$1001))/(MAX($AA$2:$AA$1001)-MIN($AA$2:$AA$1001))*100 -> 17.799353 | AI21: =IF(OR(tablo1[[#This Row],[visibletimetofailure]]<5000,tablo1[[#This Row],[visibleconditionscore]]<300),"YES","NO") -> NO
A22: MAC-0021 | B22: CNC | C22: Line D | D22: 38412 | E22: 19 | F22: 87913 | G22: 45230 | H22: Corrective | I22: 70 | J22: 117 | K22: 175 | L22: 157 | M22: 5000 | N22: 316 | O22: 55361 | P22: 166082186 | Q22: 809807 | R22: 290973 | S22: 167182965 | T22: 265731 | U22: 2 | V22: =W22/$K$1002 -> 0.032745497 | W22: 869 | X22: 174 | Y22: Medium | Z22: 221 | AA22: 255 | AB22: 1 | AC22: =IF(O22=0,0,P22/O22) -> 2999.9853 | AD22: =IF(SUBTOTAL(103,tablo1[[#This Row],[MachineID]]), tablo1[[#This Row],[ConditionMonitoringScore]], "") -> 221 | AE22: =IF(SUBTOTAL(103,tablo1[[#This Row],[MachineID]]), tablo1[[#This Row],[TimeToFailure]], "") -> 157 | AH22: =(AA22-MIN($AA$2:$AA$1001))/(MAX($AA$2:$AA$1001)-MIN($AA$2:$AA$1001))*100 -> 77.993528 | AI22: =IF(OR(tablo1[[#This Row],[visibletimetofailure]]<5000,tablo1[[#This Row],[visibleconditionscore]]<300),"YES","NO") -> YES
A23: MAC-0022 | B23: Packaging | C23: Line B | D23: 44252 | E23: 3 | F23: 12297 | G23: 45261 | H23: Preventive | I23: 81 | J23: 86 | K23: 2 | L23: 8436 | M23: 71938 | N23: 45 | O23: 90 | P23: 270723 | Q23: 45895 | R23: 126336 | S23: 442955 | T23: 270 | U23: 1 | V23: =W23/$K$1002 -> 0.0098726355 | W23: 262 | X23: 26 | Y23: Medium | Z23: 781 | AA23: 75 | AB23: 4 | AC23: =IF(O23=0,0,P23/O23) -> 3008.0333 | AD23: =IF(SUBTOTAL(103,tablo1[[#This Row],[MachineID]]), tablo1[[#This Row],[ConditionMonitoringScore]], "") -> 781 | AE23: =IF(SUBTOTAL(103,tablo1[[#This Row],[MachineID]]), tablo1[[#This Row],[TimeToFailure]], "") -> 8436 | AH23: =(AA23-MIN($AA$2:$AA$1001))/(MAX($AA$2:$AA$1001)-MIN($AA$2:$AA$1001))*100 -> 19.7411 | AI23: =IF(OR(tablo1[[#This Row],[visibletimetofailure]]<5000,tablo1[[#This Row],[visibleconditionscore]]<300),"YES","NO") -> NO
A24: MAC-0023 | B24: Robot | C24: Line A | D24: 43522 | E24: 5 | F24: 15110 | G24: 45247 | H24: Corrective | I24: 158 | J24: 100 | K24: 3 | L24: 7217 | M24: 41301 | N24: 61 | O24: 182 | P24: 181575 | Q24: 671855 | R24: 1008161 | S24: 1861591 | T24: 599 | U24: 7 | V24: =W24/$K$1002 -> 0.014507499 | W24: 385 | X24: 269 | Y24: Low | Z24: 650 | AA24: 111 | AB24: 2 | AC24: =IF(O24=0,0,P24/O24) -> 997.66484 | AD24: =IF(SUBTOTAL(103,tablo1[[#This Row],[MachineID]]), tablo1[[#This Row],[ConditionMonitoringScore]], "") -> 650 | AE24: =IF(SUBTOTAL(103,tablo1[[#This Row],[MachineID]]), tablo1[[#This Row],[TimeToFailure]], "") -> 7217 | AH24: =(AA24-MIN($AA$2:$AA$1001))/(MAX($AA$2:$AA$1001)-MIN($AA$2:$AA$1001))*100 -> 31.391586 | AI24: =IF(OR(tablo1[[#This Row],[visibletimetofailure]]<5000,tablo1[[#This Row],[visibleconditionscore]]<300),"YES","NO") -> NO
... A1001: MAC-1000 | B1001: CNC | C1001: Line D | D1001: 43522 | E1001: 5 | F1001: 18455 | G1001: 45303 | H1001: Predictive | I1001: 82 | J1001: 44 | K1001: 3 | L1001: 8078 | M1001: 57232 | N1001: 121 | O1001: 362 | P1001: 1084632 | Q1001: 1314121 | R1001: 1002658 | S1001: 3401412 | T1001: 397 | U1001: 9 | V1001: =W1001/$K$1002 -> 0.0098726355 | W1001: 262 | X1001: 236 | Y1001: Medium | Z1001: 762 | AA1001: 92 | AB1001: 4 | AC1001: =IF(O1001=0,0,P1001/O1001) -> 2996.221 | AD1001: =IF(SUBTOTAL(103,tablo1[[#This Row],[MachineID]]), tablo1[[#This Row],[ConditionMonitoringScore]], "") -> 762 | AE1001: =IF(SUBTOTAL(103,tablo1[[#This Row],[MachineID]]), tablo1[[#This Row],[TimeToFailure]], "") -> 8078 | AH1001: =(AA1001-MIN($AA$2:$AA$1001))/(MAX($AA$2:$AA$1001)-MIN($AA$2:$AA$1001))*100 -> 25.242718 | AI1001: =IF(OR(tablo1[[#This Row],[visibletimetofailure]]<5000,tablo1[[#This Row],[visibleconditionscore]]<300),"YES","NO") -> NO
K1002: =SUM(tablo1[FailureCount]) -> 26538 | L1002: =713/26538*100 -> 2.6867134 | V1002: =SUBTOTAL(107,tablo1[failure prob %]) -> 0.0079860017
U1003: average | V1003: =AVERAGE(V2:V1001) -> 0.018324214
U1004: std dev | V1004: =_xlfn.STDEV.S(V1:V1001) -> 0.0079860017
U1005: min | V1005: =MIN(V2:V1001) -> 0.0007536363
U1006: max | V1006: =MAX(V3:V1002) -> 0.037304997

Sheet pivot
I1: CriticalityLevel | J1: (Multiple Items)
BJ2: Years (InstallationDate) | BK2: (Tümü) | BM2: Years (InstallationDate) | BN2: (Tümü) | EI2: düzeltilcek | EJ2: pie chart | EL2: yüzdde | ET2: scatter | FA2: hipotez
A3: Count of MachineID | C3: Average of MTBF_hours | E3: Average of FailureCount | G3: Average of MachineAge | I3: Count of CriticalityLevel | L3: Row Labels | M3: Count of MachineID | P3: count of machine_id | Q3: ratio | S3: Row Labels | T3: Count of MachineID | X3: Row Labels | Y3: Sum of RiskScore | AB3: Row Labels | AC3: Average of FailureCount | AI3: Average of ConditionMonitoringScore | AK3: =AI4 -> 557.746 | AM3: label | AN3: value | AO3: color | AP3: current score | AQ3: =AK3 -> 557.746 | AU3: Average of ConditionMonitoringScore | AW3: Average of EnvironmentalImpactScore | AY3: Satır Etiketleri | AZ3: Average of EnvironmentalImpactScore | BA3: Row Labels | BB3: Average of EnvironmentalImpactScore | BD3: Satır Etiketleri | BE3: Sum of failure prob % | BG3: conditionmon | BH3: failureprob | BJ3: ProductionLine | BK3: (Tümü) | BM3: ProductionLine | BN3: (Tümü) | BP3: Satır Etiketleri | BQ3: Sum of RiskScore | BR3: mc | BS3: riskscore | BU3: countif | BX3: Satır Etiketleri | BY3: Average of EnergyConsumptionIncrease_% | CC3: avg | CD3: =data!V1003 -> 0.018324214 | CH3: Satır Etiketleri | CI3: Sum of energyinefficienyscore | CM3: Satır Etiketleri | CN3: Average of energyinefficienyscore | CO3: time since last maintanence | CP3: co2 | CS3: Toplam TotalMaintenanceCost_USD | CU3: Toplam ProductionLoss_units | CW3: Değerler | CZ3: Değerler | DC3: MachineType | DD3: Toplam TotalMaintenanceCost_USD | DH3: ProductionLine | DI3: Toplam ProductionLoss_units | DM3: Değerler | DR3: MachineID | DS3: Toplam DowntimeDuration_hours | DT3: Toplam TotalMaintenanceCost_USD | DU3: mcıd | DV3: downtie | DW3: cost | DZ3: Satır Etiketleri | EA3: Ortalama FailureCount | EC3: r | EI3: Satır Etiketleri | EJ3: Ortalama failure prob % | EL3: Satır Etiketleri | EM3: Toplam ConditionMonitoringScore | EN3: Toplam TimeToFailure | ET3: Satır Etiketleri | EU3: Ortalama failure prob % | FA3: Satır Etiketleri | FB3: Average of TimeToFailure | FC3: StdDev of TimeToFailure | FD3: Count of TimeToFailure | FF3: conf int | FG3: =FJ4 -> 0.95 | FJ3: confidenceinterval | FK3: grand mean | FL3: =FK11 -> 4912.9646 | HP3: Satır Etiketleri | HQ3: Say nextmaintenance
A4: 1000 | C4: 41087.547 | E4: 26.538 | G4: 10.065 | I4: 1000 | L4: High | M4: 202 | O4: high | P4: =VLOOKUP(O4,L3:M7,2,FALSE) -> 202 | Q4: =IFERROR(P4/M8*100,0) -> 20.2 | S4: 18000-19000 | T4: 1 | X4: MAC-0001 | Y4: 428 | Z4: =Y4 -> 428 | AB4: 1 | AC4: 0.8245614 | AD4: 1 | AE4: =GETPIVOTDATA("FailureCount",$AB$3,"MachineAge",AB4) -> 0.8245614 | AI4: 557.746 | AM4: critical | AN4: 333 | AO4: red | AP4: needle_width | AQ4: 50 | AU4: 557.746 | AW4: 3.061 | AY4: CNC | AZ4: 3.1050228 | BA4: =IF(OR(AY4="",AY4="Grand Total",AY4="(blank)"),"",AY4) -> CNC | BB4: =IFERROR(VLOOKUP(BA4,AY3:AZ9,2,FALSE),"") -> 3.1050228 | BD4: 0 | BE4: 0.037304997 | BG4: =IF(OR(BD4="",BD4="Grand Total",BD4="(blank)"),"",BD4) -> 0 | BH4: =IFERROR(VLOOKUP(BG4,$BD$3:$BE$552,2,FALSE),"") -> 0.037304997 | BJ4: MachineID | BK4: (Tümü) | BM4: MachineType | BN4: (Tümü) | BP4: MAC-0001 | BQ4: 428 | BR4: =IF(OR(BP4="",BP4="Genel Toplam",BP4="(blank)"),"",BP4) -> MAC-0001 | BS4: =IFERROR(VLOOKUP(BR4,$BP$3:$BQ$1004,2,FALSE),"") -> 428 | BU4: riskscore | BV4: eşikdeğeri | BX4: 2005 | BY4: 237.44444 | BZ4: =IF(OR(BX4="",BX4="Grand Total",BX4="(blank)"),"",BX4) -> 2005 | CA4: =IFERROR(VLOOKUP(BX4,$BX$3:$BY$23,2,FALSE),"") -> 237.44444 | CC4: std dev | CD4: =data!V1004 -> 0.0079860017 | CH4: 3005 | CI4: 30.744337 | CJ4: =IF(OR(CH4="",CH4="Grand Total",CH4="(blank)"),"",CH4) -> 3005 | CK4: =IFERROR(VLOOKUP(CJ4,$CH$3:$CI$983,2,FALSE),"") -> 30.744337 | CM4: 1 | CN4: 36.326861 | CO4: =IF(OR(CM4="",CM4="Grand Total",CM4="(blank)"),"",CM4) -> 1 | CP4: =IFERROR(VLOOKUP(CO4,$CM$3:$CN$983,2,FALSE),"") -> 36.326861 | CS4: 16726070620 | CU4: 16819593 | CW4: Toplam DowntimeDuration_hours | CX4: 5655357 | CZ4: Toplam RepairCost_USD | DA4: 1371689016 | DC4: Packaging | DD4: 3583629186 | DE4: =IF(OR(DC4="",DC4="Grand Total",DC4="(blank)"),"",DC4) -> Packaging | DF4: =IFERROR(VLOOKUP(DE4,$DC$4:$DD$9,2,FALSE),"") -> 3583629186 | DH4: Line D | DI4: 4664689 | DJ4: =IF(OR(DH4="",DH4="Grand Total",DH4="(blank)"),"",DH4) -> Line D | DK4: =IFERROR(VLOOKUP(DJ4,$DH$3:$DI$8,2,FALSE),"") -> 4664689 | DM4: Toplam DowntimeCost_USD | DN4: 14796571169 | DO4: =IF(OR(DM4="",DM4="Grand Total",DM4="(blank)"),"",DM4) -> Toplam DowntimeCost_USD | DP4: =IFERROR(VLOOKUP(DO4,$DM$3:$DN$6,2,FALSE),"") -> 14796571169 | DR4: MAC-0001 | DS4: 38239 | DT4: 117389599 | DU4: =IF(OR(DR4="",DR4="Genel Toplam",DR4="(blank)"),"",DR4) -> MAC-0001 | DV4: =IFERROR(VLOOKUP(DU4,$DR$3:$DT$1004,2,FALSE),"") -> 38239 | DW4: =IFERROR(VLOOKUP(DU4,$DR$3:$DT$1004,3,FALSE),"") -> 117389599 | DZ4: Corrective | EA4: 27.658462 | EC4: =CORREL(tablo1[visibleconditionscore],tablo1[visibletimetofailure])^2 -> 0.58882772 | EE4: =IF(OR(EI4="",EI4="Grand Total"),"",EI4) -> Corrective | EF4: =IFERROR(VLOOKUP(EE4,$EI:$EJ,2,FALSE),"") -> 0.018153591 | EG4: =IFERROR(VLOOKUP(EF4,$EJ:$EK,2,FALSE),"") -> 0 | EI4: Corrective | EJ4: 0.018153591 | EL4: MAC-0001 | EM4: 358 | EN4: 408 | EO4: =CORREL(dinamik_skor,dinamik_arıza)^2 -> 0.58882772 | ET4: 15 | EU4: 0.018765544 | EV4: =IF(OR(ET4="",ET4="Genel Toplam",ET4="(blank)"),"",ET4) -> 15 | EW4: =IFERROR(VLOOKUP(EV4,$ET$3:$EU$163,2,FALSE),"") -> 0.018765544 | FA4: Corrective | FB4: 4950.5446 | FC4: 4190.3476 | FD4: 325 | FF4: average | FG4: =FB4 -> 4950.5446 | FI4: alfa | FJ4: 0.95 | FK4: test result | FL4: =IF(AND(FG13>FL3,FG12<FL3), "Fail to Reject H0", "Reject H0") -> Fail to Reject H0 | HP4: NO | HQ4: 453
L5: Low | M5: 279 | O5: low | P5: =VLOOKUP(O5,L4:M8,2,FALSE) -> 279 | S5: 0-1000 | T5: 250 | X5: MAC-0002 | Y5: 225 | Z5: =Y5 -> 225 | AB5: 2 | AC5: 1.5483871 | AD5: 2 | AE5: =GETPIVOTDATA("FailureCount",$AB$3,"MachineAge",AB5) -> 1.5483871 | AM5: warning | AN5: 333 | AO5: orange | AP5: gap | AQ5: =2000-(AQ3+AQ4) -> 1392.254 | AY5: Conveyor | AZ5: 3.1095238 | BA5: =IF(OR(AY5="",AY5="Grand Total",AY5="(blank)"),"",AY5) -> Conveyor | BB5: =IFERROR(VLOOKUP(BA5,AY4:AZ10,2,FALSE),"") -> 3.1095238 | BD5: 33 | BE5: 0.037304997 | BG5: =IF(OR(BD5="",BD5="Grand Total",BD5="(blank)"),"",BD5) -> 33 | BH5: =IFERROR(VLOOKUP(BG5,$BD$3:$BE$552,2,FALSE),"") -> 0.037304997 | BJ5: MachineType | BK5: (Tümü) | BP5: MAC-0002 | BQ5: 225 | BR5: =IF(OR(BP5="",BP5="Genel Toplam",BP5="(blank)"),"",BP5) -> MAC-0002 | BS5: =IFERROR(VLOOKUP(BR5,$BP$3:$BQ$1004,2,FALSE),"") -> 225 | BT5: 0-100 | BU5: =COUNTIFS(BS:BS,"<=100") -> 227 | BV5: =data!$AG$6 -> 500 | BX5: 2006 | BY5: 218.05357 | BZ5: =IF(OR(BX5="",BX5="Grand Total",BX5="(blank)"),"",BX5) -> 2006 | CA5: =IFERROR(VLOOKUP(BX5,$BX$3:$BY$23,2,FALSE),"") -> 218.05357 | CC5: min | CD5: =data!V1005 -> 0.0007536363 | CH5: 3054 | CI5: 4.2071197 | CJ5: =IF(OR(CH5="",CH5="Grand Total",CH5="(blank)"),"",CH5) -> 3054 | CK5: =IFERROR(VLOOKUP(CJ5,$CH$3:$CI$983,2,FALSE),"") -> 4.2071197 | CM5: 2 | CN5: 30.960086 | CO5: =IF(OR(CM5="",CM5="Grand Total",CM5="(blank)"),"",CM5) -> 2 | CP5: =IFERROR(VLOOKUP(CO5,$CM$3:$CN$983,2,FALSE),"") -> 30.960086 | CW5: Toplam FailureCount | CX5: 26538 | CZ5: Toplam FailureCount | DA5: 26538 | DC5: Press | DD5: 3458211525 | DE5: =IF(OR(DC5="",DC5="Grand Total",DC5="(blank)"),"",DC5) -> Press | DF5: =IFERROR(VLOOKUP(DE5,$DC$4:$DD$9,2,FALSE),"") -> 3458211525 | DH5: Line C | DI5: 3549624 | DJ5: =IF(OR(DH5="",DH5="Grand Total",DH5="(blank)"),"",DH5) -> Line C | DK5: =IFERROR(VLOOKUP(DJ5,$DH$3:$DI$8,2,FALSE),"") -> 3549624 | DM5: Toplam RepairCost_USD | DN5: 1371689016 | DO5: =IF(OR(DM5="",DM5="Grand Total",DM5="(blank)"),"",DM5) -> Toplam RepairCost_USD | DP5: =IFERROR(VLOOKUP(DO5,$DM$3:$DN$6,2,FALSE),"") -> 1371689016 | DR5: MAC-0002 | DS5: 5485 | DT5: 17939747 | DU5: =IF(OR(DR5="",DR5="Genel Toplam",DR5="(blank)"),"",DR5) -> MAC-0002 | DV5: =IFERROR(VLOOKUP(DU5,$DR$3:$DT$1004,2,FALSE),"") -> 5485 | DW5: =IFERROR(VLOOKUP(DU5,$DR$3:$DT$1004,3,FALSE),"") -> 17939747 | DZ5: Predictive | EA5: 23.922849 | EE5: =IF(OR(EI5="",EI5="Grand Total"),"",EI5) -> Predictive | EF5: =IFERROR(VLOOKUP(EE5,$EI:$EJ,2,FALSE),"") -> 0.018007435 | EI5: Predictive | EJ5: 0.018007435 | EL5: MAC-0002 | EM5: 511 | EN5: 662 | ET5: 16 | EU5: 0.018325923 | EV5: =IF(OR(ET5="",ET5="Genel Toplam",ET5="(blank)"),"",ET5) -> 16 | EW5: =IFERROR(VLOOKUP(EV5,$ET$3:$EU$163,2,FALSE),"") -> 0.018325923 | FA5: Predictive | FB5: 4905.0178 | FC5: 4161.29 | FD5: 337 | FF5: s | FG5: =FC4 -> 4190.3476 | HP5: YES | HQ5: 547
L6: Medium | M6: 519 | O6: medium | P6: =VLOOKUP(O6,L5:M9,2,FALSE) -> 519 | S6: 1000-2000 | T6: 113 | X6: MAC-0003 | Y6: 60 | Z6: =Y6 -> 60 | AB6: 3 | AC6: 2.6181818 | AD6: 3 | AE6: =GETPIVOTDATA("FailureCount",$AB$3,"MachineAge",AB6) -> 2.6181818 | AM6: healthy | AN6: 334 | AO6: green | AY6: Packaging | AZ6: 2.9617225 | BA6: =IF(OR(AY6="",AY6="Grand Total",AY6="(blank)"),"",AY6) -> Packaging | BB6: =IFERROR(VLOOKUP(BA6,AY5:AZ11,2,FALSE),"") -> 2.9617225 | BD6: 50 | BE6: 0.037304997 | BG6: =IF(OR(BD6="",BD6="Grand Total",BD6="(blank)"),"",BD6) -> 50 | BH6: =IFERROR(VLOOKUP(BG6,$BD$3:$BE$552,2,FALSE),"") -> 0.037304997 | BM6: RiskScore | BN6: MachineID | BP6: MAC-0003 | BQ6: 60 | BR6: =IF(OR(BP6="",BP6="Genel Toplam",BP6="(blank)"),"",BP6) -> MAC-0003 | BS6: =IFERROR(VLOOKUP(BR6,$BP$3:$BQ$1004,2,FALSE),"") -> 60 | BT6: 100-200 | BU6: =COUNTIFS(BS:BS,">100",BS:BS,"<=200") -> 235 | BV6: =data!$AG$6 -> 500 | BX6: 2007 | BY6: 203.40299 | BZ6: =IF(OR(BX6="",BX6="Grand Total",BX6="(blank)"),"",BX6) -> 2007 | CA6: =IFERROR(VLOOKUP(BX6,$BX$3:$BY$23,2,FALSE),"") -> 203.40299 | CC6: max | CD6: =data!V1006 -> 0.037304997 | CH6: 3058 | CI6: 25.242718 | CJ6: =IF(OR(CH6="",CH6="Grand Total",CH6="(blank)"),"",CH6) -> 3058 | CK6: =IFERROR(VLOOKUP(CJ6,$CH$3:$CI$983,2,FALSE),"") -> 25.242718 | CM6: 3 | CN6: 22.330097 | CO6: =IF(OR(CM6="",CM6="Grand Total",CM6="(blank)"),"",CM6) -> 3 | CP6: =IFERROR(VLOOKUP(CO6,$CM$3:$CN$983,2,FALSE),"") -> 22.330097 | CW6: Toplam Downtime Hour per Failure | CX6: 213.10411 | CZ6: Toplam Average Repair Cost | DA6: 51687.731 | DC6: Robot | DD6: 3315373569 | DE6: =IF(OR(DC6="",DC6="Grand Total",DC6="(blank)"),"",DC6) -> Robot | DF6: =IFERROR(VLOOKUP(DE6,$DC$4:$DD$9,2,FALSE),"") -> 3315373569 | DH6: Line B | DI6: 4610503 | DJ6: =IF(OR(DH6="",DH6="Grand Total",DH6="(blank)"),"",DH6) -> Line B | DK6: =IFERROR(VLOOKUP(DJ6,$DH$3:$DI$8,2,FALSE),"") -> 4610503 | DM6: Toplam SparePartCost_USD | DN6: 500014357 | DO6: =IF(OR(DM6="",DM6="Grand Total",DM6="(blank)"),"",DM6) -> Toplam SparePartCost_USD | DP6: =IFERROR(VLOOKUP(DO6,$DM$3:$DN$6,2,FALSE),"") -> 500014357 | DR6: MAC-0003 | DS6: 2537 | DT6: 7873885 | DU6: =IF(OR(DR6="",DR6="Genel Toplam",DR6="(blank)"),"",DR6) -> MAC-0003 | DV6: =IFERROR(VLOOKUP(DU6,$DR$3:$DT$1004,2,FALSE),"") -> 2537 | DW6: =IFERROR(VLOOKUP(DU6,$DR$3:$DT$1004,3,FALSE),"") -> 7873885 | DZ6: Preventive | EA6: 28.068047 | EC6: =GETPIVOTDATA("FailureCount",$DZ$3) -> 26.538 | EE6: =IF(OR(EI6="",EI6="Grand Total"),"",EI6) -> Preventive | EF6: =IFERROR(VLOOKUP(EE6,$EI:$EJ,2,FALSE),"") -> 0.018804117 | EI6: Preventive | EJ6: 0.018804117 | EL6: MAC-0003 | EM6: 444 | EN6: 875 | ET6: 17 | EU6: 0.015076494 | EV6: =IF(OR(ET6="",ET6="Genel Toplam",ET6="(blank)"),"",ET6) -> 17 | EW6: =IFERROR(VLOOKUP(EV6,$ET$3:$EU$163,2,FALSE),"") -> 0.015076494 | FA6: Preventive | FB6: 4883.3314 | FC6: 4171.2034 | FD6: 338 | FF6: n | FG6: =FD4 -> 325 | FL6: =IF(FG15="Reject H0", "STATISTICAL DECISION: Reject the Null Hypothesis. The performance of the selected maintenance type is significantly different from the overall average (4912.96). This suggests that this specific strategy has a unique impact on machine reliability.", "Fail to Reject the Null Hypothesis. There is no statistically significant evidence to suggest that this maintenance type performs differently than the overall average (4912.96). Any observed difference is likely due to random sampling variation.") -> Fail to Reject the Null Hypothesis. There is no statistically significant evidence to suggest that this maintenance type performs differently than the overall average (4912.96). Any observed difference is likely due to random sampling variation.
S7: 2000-3000 | T7: 68 | X7: MAC-0004 | Y7: 607 | AB7: 4 | AC7: 3.3877551 | AD7: 4 | AE7: =GETPIVOTDATA("FailureCount",$AB$3,"MachineAge",AB7) -> 3.3877551 | AM7: invisible base | AN7: 1000 | AO7: no fill | AY7: Press | AZ7: 3.0168539 | BA7: =IF(OR(AY7="",AY7="Grand Total",AY7="(blank)"),"",AY7) -> Press | BB7: =IFERROR(VLOOKUP(BA7,AY6:AZ12,2,FALSE),"") -> 3.0168539 | BD7: 59 | BE7: 0.037304997 | BG7: =IF(OR(BD7="",BD7="Grand Total",BD7="(blank)"),"",BD7) -> 59 | BH7: =IFERROR(VLOOKUP(BG7,$BD$3:$BE$552,2,FALSE),"") -> 0.037304997 | BJ7: Count of RiskScore | BM7: 2 | BN7: MAC-0722 | BP7: MAC-0004 | BQ7: 607 | BR7: =IF(OR(BP7="",BP7="Genel Toplam",BP7="(blank)"),"",BP7) -> MAC-0004 | BS7: =IFERROR(VLOOKUP(BR7,$BP$3:$BQ$1004,2,FALSE),"") -> 607 | BT7: 200-300 | BU7: =COUNTIFS(BS:BS,">200",BS:BS,"<=300") -> 173 | BV7: =data!$AG$6 -> 500 | BX7: 2008 | BY7: 200.5283 | BZ7: =IF(OR(BX7="",BX7="Grand Total",BX7="(blank)"),"",BX7) -> 2008 | CA7: =IFERROR(VLOOKUP(BX7,$BX$3:$BY$23,2,FALSE),"") -> 200.5283 | CF7: norm dist | CH7: 3131 | CI7: 20.064725 | CJ7: =IF(OR(CH7="",CH7="Grand Total",CH7="(blank)"),"",CH7) -> 3131 | CK7: =IFERROR(VLOOKUP(CJ7,$CH$3:$CI$983,2,FALSE),"") -> 20.064725 | CM7: 4 | CN7: 31.643294 | CO7: =IF(OR(CM7="",CM7="Grand Total",CM7="(blank)"),"",CM7) -> 4 | CP7: =IFERROR(VLOOKUP(CO7,$CM$3:$CN$983,2,FALSE),"") -> 31.643294 | DC7: CNC | DD7: 3269552101 | DE7: =IF(OR(DC7="",DC7="Grand Total",DC7="(blank)"),"",DC7) -> CNC | DF7: =IFERROR(VLOOKUP(DE7,$DC$4:$DD$9,2,FALSE),"") -> 3269552101 | DH7: Line A | DI7: 3994777 | DJ7: =IF(OR(DH7="",DH7="Grand Total",DH7="(blank)"),"",DH7) -> Line A | DK7: =IFERROR(VLOOKUP(DJ7,$DH$3:$DI$8,2,FALSE),"") -> 3994777 | DR7: MAC-0004 | DS7: 4474 | DT7: 17313829 | DU7: =IF(OR(DR7="",DR7="Genel Toplam",DR7="(blank)"),"",DR7) -> MAC-0004 | DV7: =IFERROR(VLOOKUP(DU7,$DR$3:$DT$1004,2,FALSE),"") -> 4474 | DW7: =IFERROR(VLOOKUP(DU7,$DR$3:$DT$1004,3,FALSE),"") -> 17313829 | DZ7: Genel Toplam | EA7: 26.538 | EL7: MAC-0004 | EM7: 429 | EN7: 555 | ET7: 18 | EU7: 0.019952521 | EV7: =IF(OR(ET7="",ET7="Genel Toplam",ET7="(blank)"),"",ET7) -> 18 | EW7: =IFERROR(VLOOKUP(EV7,$ET$3:$EU$163,2,FALSE),"") -> 0.019952521 | FF7: df | FG7: =FG6-1 -> 324
L8: sum | M8: =SUM(M4:M7) -> 1000 | S8: 3000-4000 | T8: 64 | X8: MAC-0005 | Y8: 388 | AB8: 5 | AC8: 4.1904762 | AD8: 5 | AE8: =GETPIVOTDATA("FailureCount",$AB$3,"MachineAge",AB8) -> 4.1904762 | AY8: Robot | AZ8: 3.1086957 | BA8: =IF(OR(AY8="",AY8="Grand Total",AY8="(blank)"),"",AY8) -> Robot | BB8: =IFERROR(VLOOKUP(BA8,AY7:AZ13,2,FALSE),"") -> 3.1086957 | BD8: 85 | BE8: 0.035684679 | BG8: =IF(OR(BD8="",BD8="Grand Total",BD8="(blank)"),"",BD8) -> 85 | BH8: =IFERROR(VLOOKUP(BG8,$BD$3:$BE$552,2,FALSE),"") -> 0.035684679 | BJ8: 1000 | BM8: 3 | BN8: MAC-0438 | BP8: MAC-0005 | BQ8: 388 | BR8: =IF(OR(BP8="",BP8="Genel Toplam",BP8="(blank)"),"",BP8) -> MAC-0005 | BS8: =IFERROR(VLOOKUP(BR8,$BP$3:$BQ$1004,2,FALSE),"") -> 388 | BT8: 300-400 | BU8: =COUNTIFS(BS:BS,">300",BS:BS,"<=400") -> 126 | BV8: =data!$AG$6 -> 500 | BX8: 2009 | BY8: 198.68627 | BZ8: =IF(OR(BX8="",BX8="Grand Total",BX8="(blank)"),"",BX8) -> 2009 | CA8: =IFERROR(VLOOKUP(BX8,$BX$3:$BY$23,2,FALSE),"") -> 198.68627 | CC8: 0 | CF8: =_xlfn.NORM.DIST(CC8,$CD$3,$CD$4,FALSE) -> 3.5918436 | CH8: 3150 | CI8: 3.236246 | CJ8: =IF(OR(CH8="",CH8="Grand Total",CH8="(blank)"),"",CH8) -> 3150 | CK8: =IFERROR(VLOOKUP(CJ8,$CH$3:$CI$983,2,FALSE),"") -> 3.236246 | CM8: 5 | CN8: 24.012945 | CO8: =IF(OR(CM8="",CM8="Grand Total",CM8="(blank)"),"",CM8) -> 5 | CP8: =IFERROR(VLOOKUP(CO8,$CM$3:$CN$983,2,FALSE),"") -> 24.012945 | DC8: Conveyor | DD8: 3099304239 | DE8: =IF(OR(DC8="",DC8="Grand Total",DC8="(blank)"),"",DC8) -> Conveyor | DF8: =IFERROR(VLOOKUP(DE8,$DC$4:$DD$9,2,FALSE),"") -> 3099304239 | DH8: Genel Toplam | DI8: 16819593 | DJ8: =IF(OR(DH8="",DH8="Grand Total",DH8="(blank)"),"",DH8) -> Genel Toplam | DK8: =IFERROR(VLOOKUP(DJ8,$DH$3:$DI$8,2,FALSE),"") -> 16819593 | DR8: MAC-0005 | DS8: 1013 | DT8: 3120201 | DU8: =IF(OR(DR8="",DR8="Genel Toplam",DR8="(blank)"),"",DR8) -> MAC-0005 | DV8: =IFERROR(VLOOKUP(DU8,$DR$3:$DT$1004,2,FALSE),"") -> 1013 | DW8: =IFERROR(VLOOKUP(DU8,$DR$3:$DT$1004,3,FALSE),"") -> 3120201 | EF8: bu da pie | EL8: MAC-0005 | EM8: 509 | EN8: 4574 | ET8: 19 | EU8: 0.014938148 | EV8: =IF(OR(ET8="",ET8="Genel Toplam",ET8="(blank)"),"",ET8) -> 19 | EW8: =IFERROR(VLOOKUP(EV8,$ET$3:$EU$163,2,FALSE),"") -> 0.014938148 | FF8: alpha | FG8: =1-FJ4 -> 0.05 | FJ8: Corrective | FK8: 4950.5446
S9: 4000-5000 | T9: 52 | X9: MAC-0006 | Y9: 237 | AB9: 6 | AC9: 5.2372881 | AD9: 6 | AE9: =GETPIVOTDATA("FailureCount",$AB$3,"MachineAge",AB9) -> 5.2372881 | AY9: Genel Toplam | AZ9: 3.061 | BA9: =IF(OR(AY9="",AY9="Grand Total",AY9="(blank)"),"",AY9) -> Genel Toplam | BB9: =IFERROR(VLOOKUP(BA9,AY8:AZ14,2,FALSE),"") -> 3.061 | BD9: 87 | BE9: 0.036400633 | BG9: =IF(OR(BD9="",BD9="Grand Total",BD9="(blank)"),"",BD9) -> 87 | BH9: =IFERROR(VLOOKUP(BG9,$BD$3:$BE$552,2,FALSE),"") -> 0.036400633 | BM9: 4 | BN9: MAC-0046 | BP9: MAC-0006 | BQ9: 237 | BR9: =IF(OR(BP9="",BP9="Genel Toplam",BP9="(blank)"),"",BP9) -> MAC-0006 | BS9: =IFERROR(VLOOKUP(BR9,$BP$3:$BQ$1004,2,FALSE),"") -> 237 | BT9: 400-500 | BU9: =COUNTIFS(BS:BS,">400",BS:BS,"<=500") -> 95 | BV9: =data!$AG$6 -> 500 | BX9: 2010 | BY9: 188.54717 | BZ9: =IF(OR(BX9="",BX9="Grand Total",BX9="(blank)"),"",BX9) -> 2010 | CA9: =IFERROR(VLOOKUP(BX9,$BX$3:$BY$23,2,FALSE),"") -> 188.54717 | CC9: 0.001 | CF9: =_xlfn.NORM.DIST(CC9,$CD$3,$CD$4,FALSE) -> 4.7500074 | CH9: 3176 | CI9: 26.537217 | CJ9: =IF(OR(CH9="",CH9="Grand Total",CH9="(blank)"),"",CH9) -> 3176 | CK9: =IFERROR(VLOOKUP(CJ9,$CH$3:$CI$983,2,FALSE),"") -> 26.537217 | CM9: 6 | CN9: 35.783634 | CO9: =IF(OR(CM9="",CM9="Grand Total",CM9="(blank)"),"",CM9) -> 6 | CP9: =IFERROR(VLOOKUP(CO9,$CM$3:$CN$983,2,FALSE),"") -> 35.783634 | DC9: Genel Toplam | DD9: 16726070620 | DR9: MAC-0006 | DS9: 337 | DT9: 3062274 | DU9: =IF(OR(DR9="",DR9="Genel Toplam",DR9="(blank)"),"",DR9) -> MAC-0006 | DV9: =IFERROR(VLOOKUP(DU9,$DR$3:$DT$1004,2,FALSE),"") -> 337 | DW9: =IFERROR(VLOOKUP(DU9,$DR$3:$DT$1004,3,FALSE),"") -> 3062274 | EL9: MAC-0006 | EM9: 712 | EN9: 6879 | ET9: 20 | EU9: 0.012083302 | EV9: =IF(OR(ET9="",ET9="Genel Toplam",ET9="(blank)"),"",ET9) -> 20 | EW9: =IFERROR(VLOOKUP(EV9,$ET$3:$EU$163,2,FALSE),"") -> 0.012083302 | FF9: t-critical | FG9: =_xlfn.T.INV.2T(FG8,FG7) -> 1.9673128 | FJ9: Predictive | FK9: 4905.0178
S10: 5000-6000 | T10: 76 | X10: MAC-0007 | Y10: 359 | AB10: 7 | AC10: 6.8958333 | AD10: 7 | AE10: =GETPIVOTDATA("FailureCount",$AB$3,"MachineAge",AB10) -> 6.8958333 | BA10: =IF(OR(AY10="",AY10="Grand Total",AY10="(blank)"),"",AY10) | BB10: =IFERROR(VLOOKUP(BA10,AY9:AZ15,2,FALSE),"") | BD10: 90 | BE10: 0.073554902 | BG10: =IF(OR(BD10="",BD10="Grand Total",BD10="(blank)"),"",BD10) -> 90 | BH10: =IFERROR(VLOOKUP(BG10,$BD$3:$BE$552,2,FALSE),"") -> 0.073554902 | BM10: 6 | BN10: MAC-0399 | BP10: MAC-0007 | BQ10: 359 | BR10: =IF(OR(BP10="",BP10="Genel Toplam",BP10="(blank)"),"",BP10) -> MAC-0007 | BS10: =IFERROR(VLOOKUP(BR10,$BP$3:$BQ$1004,2,FALSE),"") -> 359 | BT10: 500-600 | BU10: =COUNTIFS(BS:BS,">500",BS:BS,"<=600") -> 67 | BV10: =data!$AG$6 -> 500 | BX10: 2011 | BY10: 171.62 | BZ10: =IF(OR(BX10="",BX10="Grand Total",BX10="(blank)"),"",BX10) -> 2011 | CA10: =IFERROR(VLOOKUP(BX10,$BX$3:$BY$23,2,FALSE),"") -> 171.62 | CC10: 0.002 | CF10: =_xlfn.NORM.DIST(CC10,$CD$3,$CD$4,FALSE) -> 6.1838861 | CH10: 3195 | CI10: 23.94822 | CJ10: =IF(OR(CH10="",CH10="Grand Total",CH10="(blank)"),"",CH10) -> 3195 | CK10: =IFERROR(VLOOKUP(CJ10,$CH$3:$CI$983,2,FALSE),"") -> 23.94822 | CM10: 7 | CN10: 31.634304 | CO10: =IF(OR(CM10="",CM10="Grand Total",CM10="(blank)"),"",CM10) -> 7 | CP10: =IFERROR(VLOOKUP(CO10,$CM$3:$CN$983,2,FALSE),"") -> 31.634304 | DR10: MAC-0007 | DS10: 948 | DT10: 501767 | DU10: =IF(OR(DR10="",DR10="Genel Toplam",DR10="(blank)"),"",DR10) -> MAC-0007 | DV10: =IFERROR(VLOOKUP(DU10,$DR$3:$DT$1004,2,FALSE),"") -> 948 | DW10: =IFERROR(VLOOKUP(DU10,$DR$3:$DT$1004,3,FALSE),"") -> 501767 | EL10: MAC-0007 | EM10: 541 | EN10: 640 | ET10: 21 | EU10: 0.016008491 | EV10: =IF(OR(ET10="",ET10="Genel Toplam",ET10="(blank)"),"",ET10) -> 21 | EW10: =IFERROR(VLOOKUP(EV10,$ET$3:$EU$163,2,FALSE),"") -> 0.016008491 | FF10: std error | FG10: =FG5/SQRT(FG6) -> 232.43866 | FJ10: Preventive | FK10: 4883.3314
S11: 6000-7000 | T11: 61 | X11: MAC-0008 | Y11: 566 | AB11: 8 | AC11: 8.3043478 | AD11: 8 | AE11: =GETPIVOTDATA("FailureCount",$AB$3,"MachineAge",AB11) -> 8.3043478 | BB11: =IFERROR(VLOOKUP(BA11,AY10:AZ16,2,FALSE),"") | BD11: 109 | BE11: 0.037003542 | BG11: =IF(OR(BD11="",BD11="Grand Total",BD11="(blank)"),"",BD11) -> 109 | BH11: =IFERROR(VLOOKUP(BG11,$BD$3:$BE$552,2,FALSE),"") -> 0.037003542 | BM11: 7 | BN11: MAC-0382 | BP11: MAC-0008 | BQ11: 566 | BR11: =IF(OR(BP11="",BP11="Genel Toplam",BP11="(blank)"),"",BP11) -> MAC-0008 | BS11: =IFERROR(VLOOKUP(BR11,$BP$3:$BQ$1004,2,FALSE),"") -> 566 | BT11: 600-700 | BU11: =COUNTIFS(BS:BS,">600",BS:BS,"<=700") -> 52 | BV11: =data!$AG$6 -> 500 | BX11: 2012 | BY11: 169.75472 | BZ11: =IF(OR(BX11="",BX11="Grand Total",BX11="(blank)"),"",BX11) -> 2012 | CA11: =IFERROR(VLOOKUP(BX11,$BX$3:$BY$23,2,FALSE),"") -> 169.75472 | CC11: 0.003 | CF11: =_xlfn.NORM.DIST(CC11,$CD$3,$CD$4,FALSE) -> 7.9253605 | CH11: 3249 | CI11: 12.944984 | CJ11: =IF(OR(CH11="",CH11="Grand Total",CH11="(blank)"),"",CH11) -> 3249 | CK11: =IFERROR(VLOOKUP(CJ11,$CH$3:$CI$983,2,FALSE),"") -> 12.944984 | CM11: 8 | CN11: 37.243797 | CO11: =IF(OR(CM11="",CM11="Grand Total",CM11="(blank)"),"",CM11) -> 8 | CP11: =IFERROR(VLOOKUP(CO11,$CM$3:$CN$983,2,FALSE),"") -> 37.243797 | DR11: MAC-0008 | DS11: 1958 | DT11: 8115179 | DU11: =IF(OR(DR11="",DR11="Genel Toplam",DR11="(blank)"),"",DR11) -> MAC-0008 | DV11: =IFERROR(VLOOKUP(DU11,$DR$3:$DT$1004,2,FALSE),"") -> 1958 | DW11: =IFERROR(VLOOKUP(DU11,$DR$3:$DT$1004,3,FALSE),"") -> 8115179 | EL11: MAC-0008 | EM11: 405 | EN11: 3396 | ET11: 22 | EU11: 0.014511686 | EV11: =IF(OR(ET11="",ET11="Genel Toplam",ET11="(blank)"),"",ET11) -> 22 | EW11: =IFERROR(VLOOKUP(EV11,$ET$3:$EU$163,2,FALSE),"") -> 0.014511686 | FF11: margin of error | FG11: =FG9*FG10 -> 457.27955 | FJ11: grand mean | FK11: =AVERAGE(FK8:FK10) -> 4912.9646
S12: 7000-8000 | T12: 65 | X12: MAC-0009 | Y12: 51 | AB12: 9 | AC12: 9.72 | AD12: 9 | AE12: =GETPIVOTDATA("FailureCount",$AB$3,"MachineAge",AB12) -> 9.72 | BB12: =IFERROR(VLOOKUP(BA12,AY11:AZ17,2,FALSE),"") | BD12: 128 | BE12: 0.036362951 | BG12: =IF(OR(BD12="",BD12="Grand Total",BD12="(blank)"),"",BD12) -> 128 | BH12: =IFERROR(VLOOKUP(BG12,$BD$3:$BE$552,2,FALSE),"") -> 0.036362951 | BM12: 9 | BN12: MAC-0631 | BP12: MAC-0009 | BQ12: 51 | BR12: =IF(OR(BP12="",BP12="Genel Toplam",BP12="(blank)"),"",BP12) -> MAC-0009 | BS12: =IFERROR(VLOOKUP(BR12,$BP$3:$BQ$1004,2,FALSE),"") -> 51 | BT12: 700-800 | BU12: =COUNTIFS(BS:BS,">700",BS:BS,"<=800") -> 19 | BV12: =data!$AG$6 -> 500 | BX12: 2013 | BY12: 160.21951 | BZ12: =IF(OR(BX12="",BX12="Grand Total",BX12="(blank)"),"",BX12) -> 2013 | CA12: =IFERROR(VLOOKUP(BX12,$BX$3:$BY$23,2,FALSE),"") -> 160.21951 | CC12: 0.004 | CF12: =_xlfn.NORM.DIST(CC12,$CD$3,$CD$4,FALSE) -> 9.9992379 | CH12: 3259 | CI12: 15.857605 | CJ12: =IF(OR(CH12="",CH12="Grand Total",CH12="(blank)"),"",CH12) -> 3259 | CK12: =IFERROR(VLOOKUP(CJ12,$CH$3:$CI$983,2,FALSE),"") -> 15.857605 | CM12: 9 | CN12: 25.026969 | CO12: =IF(OR(CM12="",CM12="Grand Total",CM12="(blank)"),"",CM12) -> 9 | CP12: =IFERROR(VLOOKUP(CO12,$CM$3:$CN$983,2,FALSE),"") -> 25.026969 | DR12: MAC-0009 | DS12: 500 | DT12: 75619 | DU12: =IF(OR(DR12="",DR12="Genel Toplam",DR12="(blank)"),"",DR12) -> MAC-0009 | DV12: =IFERROR(VLOOKUP(DU12,$DR$3:$DT$1004,2,FALSE),"") -> 500 | DW12: =IFERROR(VLOOKUP(DU12,$DR$3:$DT$1004,3,FALSE),"") -> 75619 | EL12: MAC-0009 | EM12: 522 | EN12: 3863 | ET12: 23 | EU12: 0.01224659 | EV12: =IF(OR(ET12="",ET12="Genel Toplam",ET12="(blank)"),"",ET12) -> 23 | EW12: =IFERROR(VLOOKUP(EV12,$ET$3:$EU$163,2,FALSE),"") -> 0.01224659 | FF12: lower CI | FG12: =FG4-FG11 -> 4493.2651
S13: 8000-9000 | T13: 53 | X13: MAC-0010 | Y13: 234 | AB13: 10 | AC13: 12.611111 | AD13: 10 | AE13: =GETPIVOTDATA("FailureCount",$AB$3,"MachineAge",AB13) -> 12.611111 | BD13: 129 | BE13: 0.034554224 | BG13: =IF(OR(BD13="",BD13="Grand Total",BD13="(blank)"),"",BD13) -> 129 | BH13: =IFERROR(VLOOKUP(BG13,$BD$3:$BE$552,2,FALSE),"") -> 0.034554224 | BM13: 9 | BN13: MAC-0654 | BP13: MAC-0010 | BQ13: 234 | BR13: =IF(OR(BP13="",BP13="Genel Toplam",BP13="(blank)"),"",BP13) -> MAC-0010 | BS13: =IFERROR(VLOOKUP(BR13,$BP$3:$BQ$1004,2,FALSE),"") -> 234 | BX13: 2014 | BY13: 145.5 | BZ13: =IF(OR(BX13="",BX13="Grand Total",BX13="(blank)"),"",BX13) -> 2014 | CA13: =IFERROR(VLOOKUP(BX13,$BX$3:$BY$23,2,FALSE),"") -> 145.5 | CC13: 0.005 | CF13: =_xlfn.NORM.DIST(CC13,$CD$3,$CD$4,FALSE) -> 12.419529 | CH13: 3299 | CI13: 29.449838 | CJ13: =IF(OR(CH13="",CH13="Grand Total",CH13="(blank)"),"",CH13) -> 3299 | CK13: =IFERROR(VLOOKUP(CJ13,$CH$3:$CI$983,2,FALSE),"") -> 29.449838 | CM13: 10 | CN13: 36.529126 | CO13: =IF(OR(CM13="",CM13="Grand Total",CM13="(blank)"),"",CM13) -> 10 | CP13: =IFERROR(VLOOKUP(CO13,$CM$3:$CN$983,2,FALSE),"") -> 36.529126 | DR13: MAC-0010 | DS13: 38102 | DT13: 115946737 | DU13: =IF(OR(DR13="",DR13="Genel Toplam",DR13="(blank)"),"",DR13) -> MAC-0010 | DV13: =IFERROR(VLOOKUP(DU13,$DR$3:$DT$1004,2,FALSE),"") -> 38102 | DW13: =IFERROR(VLOOKUP(DU13,$DR$3:$DT$1004,3,FALSE),"") -> 115946737 | EL13: MAC-0010 | EM13: 278 | EN13: 323 | ET13: 24 | EU13: 0.013027142 | EV13: =IF(OR(ET13="",ET13="Genel Toplam",ET13="(blank)"),"",ET13) -> 24 | EW13: =IFERROR(VLOOKUP(EV13,$ET$3:$EU$163,2,FALSE),"") -> 0.013027142 | FF13: upper cı | FG13: =FG4+FG11 -> 5407.8242 | FJ13: t stat | FK13: =(FG4-FL3)/FG10 -> 0.16167715 | FL13: avrg-grandmean/std error
S14: 9000-10000 | T14: 58 | X14: MAC-0011 | Y14: 222 | AB14: 11 | AC14: 17.585366 | AD14: 11 | AE14: =GETPIVOTDATA("FailureCount",$AB$3,"MachineAge",AB14) -> 17.585366 | BD14: 138 | BE14: 0.035873088 | BG14: =IF(OR(BD14="",BD14="Grand Total",BD14="(blank)"),"",BD14) -> 138 | BH14: =IFERROR(VLOOKUP(BG14,$BD$3:$BE$552,2,FALSE),"") -> 0.035873088 | BM14: 11 | BN14: MAC-0939 | BP14: MAC-0011 | BQ14: 222 | BR14: =IF(OR(BP14="",BP14="Genel Toplam",BP14="(blank)"),"",BP14) -> MAC-0011 | BS14: =IFERROR(VLOOKUP(BR14,$BP$3:$BQ$1004,2,FALSE),"") -> 222 | BX14: 2015 | BY14: 144.54 | BZ14: =IF(OR(BX14="",BX14="Grand Total",BX14="(blank)"),"",BX14) -> 2015 | CA14: =IFERROR(VLOOKUP(BX14,$BX$3:$BY$23,2,FALSE),"") -> 144.54 | CC14: 0.006 | CF14: =_xlfn.NORM.DIST(CC14,$CD$3,$CD$4,FALSE) -> 15.18566 | CH14: 3307 | CI14: 32.36246 | CJ14: =IF(OR(CH14="",CH14="Grand Total",CH14="(blank)"),"",CH14) -> 3307 | CK14: =IFERROR(VLOOKUP(CJ14,$CH$3:$CI$983,2,FALSE),"") -> 32.36246 | CM14: 11 | CN14: 39.967638 | CO14: =IF(OR(CM14="",CM14="Grand Total",CM14="(blank)"),"",CM14) -> 11 | CP14: =IFERROR(VLOOKUP(CO14,$CM$3:$CN$983,2,FALSE),"") -> 39.967638 | DR14: MAC-0011 | DS14: 27751 | DT14: 139911391 | DU14: =IF(OR(DR14="",DR14="Genel Toplam",DR14="(blank)"),"",DR14) -> MAC-0011 | DV14: =IFERROR(VLOOKUP(DU14,$DR$3:$DT$1004,2,FALSE),"") -> 27751 | DW14: =IFERROR(VLOOKUP(DU14,$DR$3:$DT$1004,3,FALSE),"") -> 139911391 | EL14: MAC-0011 | EM14: 306 | EN14: 223 | ET14: 25 | EU14: 0.016466953 | EV14: =IF(OR(ET14="",ET14="Genel Toplam",ET14="(blank)"),"",ET14) -> 25 | EW14: =IFERROR(VLOOKUP(EV14,$ET$3:$EU$163,2,FALSE),"") -> 0.016466953
S15: 10000-11000 | T15: 40 | X15: MAC-0012 | Y15: 283 | AB15: 12 | AC15: 17.471698 | AD15: 12 | AE15: =GETPIVOTDATA("FailureCount",$AB$3,"MachineAge",AB15) -> 17.471698 | BD15: 145 | BE15: 0.033348406 | BG15: =IF(OR(BD15="",BD15="Grand Total",BD15="(blank)"),"",BD15) -> 145 | BH15: =IFERROR(VLOOKUP(BG15,$BD$3:$BE$552,2,FALSE),"") -> 0.033348406 | BM15: 12 | BN15: MAC-0609 | BP15: MAC-0012 | BQ15: 283 | BR15: =IF(OR(BP15="",BP15="Genel Toplam",BP15="(blank)"),"",BP15) -> MAC-0012 | BS15: =IFERROR(VLOOKUP(BR15,$BP$3:$BQ$1004,2,FALSE),"") -> 283 | BX15: 2016 | BY15: 128.56522 | BZ15: =IF(OR(BX15="",BX15="Grand Total",BX15="(blank)"),"",BX15) -> 2016 | CA15: =IFERROR(VLOOKUP(BX15,$BX$3:$BY$23,2,FALSE),"") -> 128.56522 | CC15: 0.007 | CF15: =_xlfn.NORM.DIST(CC15,$CD$3,$CD$4,FALSE) -> 18.279006 | CH15: 3309 | CI15: 23.300971 | CJ15: =IF(OR(CH15="",CH15="Grand Total",CH15="(blank)"),"",CH15) -> 3309 | CK15: =IFERROR(VLOOKUP(CJ15,$CH$3:$CI$983,2,FALSE),"") -> 23.300971 | CM15: 12 | CN15: 28.02589 | CO15: =IF(OR(CM15="",CM15="Grand Total",CM15="(blank)"),"",CM15) -> 12 | CP15: =IFERROR(VLOOKUP(CO15,$CM$3:$CN$983,2,FALSE),"") -> 28.02589 | DR15: MAC-0012 | DS15: 780 | DT15: 6780257 | DU15: =IF(OR(DR15="",DR15="Genel Toplam",DR15="(blank)"),"",DR15) -> MAC-0012 | DV15: =IFERROR(VLOOKUP(DU15,$DR$3:$DT$1004,2,FALSE),"") -> 780 | DW15: =IFERROR(VLOOKUP(DU15,$DR$3:$DT$1004,3,FALSE),"") -> 6780257 | EL15: MAC-0012 | EM15: 716 | EN15: 7306 | ET15: 26 | EU15: 0.018426407 | EV15: =IF(OR(ET15="",ET15="Genel Toplam",ET15="(blank)"),"",ET15) -> 26 | EW15: =IFERROR(VLOOKUP(EV15,$ET$3:$EU$163,2,FALSE),"") -> 0.018426407 | FJ15: p value | FK15: =_xlfn.T.DIST.2T(ABS(FK13), FG7) -> 0.87166087
S16: 11000-12000 | T16: 27 | X16: MAC-0013 | Y16: 174 | AB16: 13 | AC16: 21.62 | AD16: 13 | AE16: =GETPIVOTDATA("FailureCount",$AB$3,"MachineAge",AB16) -> 21.62 | BD16: 149 | BE16: 0.034215088 | BG16: =IF(OR(BD16="",BD16="Grand Total",BD16="(blank)"),"",BD16) -> 149 | BH16: =IFERROR(VLOOKUP(BG16,$BD$3:$BE$552,2,FALSE),"") -> 0.034215088 | BM16: 13 | BN16: MAC-0392 | BP16: MAC-0013 | BQ16: 174 | BR16: =IF(OR(BP16="",BP16="Genel Toplam",BP16="(blank)"),"",BP16) -> MAC-0013 | BS16: =IFERROR(VLOOKUP(BR16,$BP$3:$BQ$1004,2,FALSE),"") -> 174 | BX16: 2017 | BY16: 123.25 | BZ16: =IF(OR(BX16="",BX16="Grand Total",BX16="(blank)"),"",BX16) -> 2017 | CA16: =IFERROR(VLOOKUP(BX16,$BX$3:$BY$23,2,FALSE),"") -> 123.25 | CC16: 0.008 | CF16: =_xlfn.NORM.DIST(CC16,$CD$3,$CD$4,FALSE) -> 21.660167 | CH16: 3370 | CI16: 37.216828 | CJ16: =IF(OR(CH16="",CH16="Grand Total",CH16="(blank)"),"",CH16) -> 3370 | CK16: =IFERROR(VLOOKUP(CJ16,$CH$3:$CI$983,2,FALSE),"") -> 37.216828 | CM16: 13 | CN16: 31.31068 | CO16: =IF(OR(CM16="",CM16="Grand Total",CM16="(blank)"),"",CM16) -> 13 | CP16: =IFERROR(VLOOKUP(CO16,$CM$3:$CN$983,2,FALSE),"") -> 31.31068 | DR16: MAC-0013 | DS16: 9586 | DT16: 49655557 | DU16: =IF(OR(DR16="",DR16="Genel Toplam",DR16="(blank)"),"",DR16) -> MAC-0013 | DV16: =IFERROR(VLOOKUP(DU16,$DR$3:$DT$1004,2,FALSE),"") -> 9586 | DW16: =IFERROR(VLOOKUP(DU16,$DR$3:$DT$1004,3,FALSE),"") -> 49655557 | EL16: MAC-0013 | EM16: 479 | EN16: 1222 | ET16: 27 | EU16: 0.019768822 | EV16: =IF(OR(ET16="",ET16="Genel Toplam",ET16="(blank)"),"",ET16) -> 27 | EW16: =IFERROR(VLOOKUP(EV16,$ET$3:$EU$163,2,FALSE),"") -> 0.019768822
S17: 12000-13000 | T17: 32 | X17: MAC-0014 | Y17: 71 | AB17: 14 | AC17: 30.679245 | AD17: 14 | AE17: =GETPIVOTDATA("FailureCount",$AB$3,"MachineAge",AB17) -> 30.679245 | BD17: 150 | BE17: 0.03508177 | BG17: =IF(OR(BD17="",BD17="Grand Total",BD17="(blank)"),"",BD17) -> 150 | BH17: =IFERROR(VLOOKUP(BG17,$BD$3:$BE$552,2,FALSE),"") -> 0.03508177 | BM17: 14 | BN17: MAC-0122 | BP17: MAC-0014 | BQ17: 71 | BR17: =IF(OR(BP17="",BP17="Genel Toplam",BP17="(blank)"),"",BP17) -> MAC-0014 | BS17: =IFERROR(VLOOKUP(BR17,$BP$3:$BQ$1004,2,FALSE),"") -> 71 | BX17: 2018 | BY17: 112.9661 | BZ17: =IF(OR(BX17="",BX17="Grand Total",BX17="(blank)"),"",BX17) -> 2018 | CA17: =IFERROR(VLOOKUP(BX17,$BX$3:$BY$23,2,FALSE),"") -> 112.9661 | CC17: 0.009 | CF17: =_xlfn.NORM.DIST(CC17,$CD$3,$CD$4,FALSE) -> 25.267448 | CH17: 3398 | CI17: 26.537217 | CJ17: =IF(OR(CH17="",CH17="Grand Total",CH17="(blank)"),"",CH17) -> 3398 | CK17: =IFERROR(VLOOKUP(CJ17,$CH$3:$CI$983,2,FALSE),"") -> 26.537217 | CM17: 14 | CN17: 24.110032 | CO17: =IF(OR(CM17="",CM17="Grand Total",CM17="(blank)"),"",CM17) -> 14 | CP17: =IFERROR(VLOOKUP(CO17,$CM$3:$CN$983,2,FALSE),"") -> 24.110032 | DR17: MAC-0014 | DS17: 512 | DT17: 2020322 | DU17: =IF(OR(DR17="",DR17="Genel Toplam",DR17="(blank)"),"",DR17) -> MAC-0014 | DV17: =IFERROR(VLOOKUP(DU17,$DR$3:$DT$1004,2,FALSE),"") -> 512 | DW17: =IFERROR(VLOOKUP(DU17,$DR$3:$DT$1004,3,FALSE),"") -> 2020322 | EL17: MAC-0014 | EM17: 695 | EN17: 5427 | ET17: 28 | EU17: 0.016589419 | EV17: =IF(OR(ET17="",ET17="Genel Toplam",ET17="(blank)"),"",ET17) -> 28 | EW17: =IFERROR(VLOOKUP(EV17,$ET$3:$EU$163,2,FALSE),"") -> 0.016589419
S18: 13000-14000 | T18: 19 | X18: MAC-0015 | Y18: 441 | AB18: 15 | AC18: 40.470588 | AD18: 15 | AE18: =GETPIVOTDATA("FailureCount",$AB$3,"MachineAge",AB18) -> 40.470588 | BD18: 157 | BE18: 0.034026679 | BG18: =IF(OR(BD18="",BD18="Grand Total",BD18="(blank)"),"",BD18) -> 157 | BH18: =IFERROR(VLOOKUP(BG18,$BD$3:$BE$552,2,FALSE),"") -> 0.034026679 | BM18: 14 | BN18: MAC-0174 | BP18: MAC-0015 | BQ18: 441 | BR18: =IF(OR(BP18="",BP18="Genel Toplam",BP18="(blank)"),"",BP18) -> MAC-0015 | BS18: =IFERROR(VLOOKUP(BR18,$BP$3:$BQ$1004,2,FALSE),"") -> 441 | BX18: 2019 | BY18: 104.40476 | BZ18: =IF(OR(BX18="",BX18="Grand Total",BX18="(blank)"),"",BX18) -> 2019 | CA18: =IFERROR(VLOOKUP(BX18,$BX$3:$BY$23,2,FALSE),"") -> 104.40476 | CC18: 0.01 | CF18: =_xlfn.NORM.DIST(CC18,$CD$3,$CD$4,FALSE) -> 29.016918 | CH18: 3437 | CI18: 45.954693 | CJ18: =IF(OR(CH18="",CH18="Grand Total",CH18="(blank)"),"",CH18) -> 3437 | CK18: =IFERROR(VLOOKUP(CJ18,$CH$3:$CI$983,2,FALSE),"") -> 45.954693 | CM18: 15 | CN18: 27.346278 | CO18: =IF(OR(CM18="",CM18="Grand Total",CM18="(blank)"),"",CM18) -> 15 | CP18: =IFERROR(VLOOKUP(CO18,$CM$3:$CN$983,2,FALSE),"") -> 27.346278 | DR18: MAC-0015 | DS18: 2177 | DT18: 4396629 | DU18: =IF(OR(DR18="",DR18="Genel Toplam",DR18="(blank)"),"",DR18) -> MAC-0015 | DV18: =IFERROR(VLOOKUP(DU18,$DR$3:$DT$1004,2,FALSE),"") -> 2177 | DW18: =IFERROR(VLOOKUP(DU18,$DR$3:$DT$1004,3,FALSE),"") -> 4396629 | EL18: MAC-0015 | EM18: 351 | EN18: 3546 | ET18: 29 | EU18: 0.016527244 | EV18: =IF(OR(ET18="",ET18="Genel Toplam",ET18="(blank)"),"",ET18) -> 29 | EW18: =IFERROR(VLOOKUP(EV18,$ET$3:$EU$163,2,FALSE),"") -> 0.016527244
S19: 14000-15000 | T19: 14 | X19: MAC-0016 | Y19: 286 | AB19: 16 | AC19: 54.433962 | AD19: 16 | AE19: =GETPIVOTDATA("FailureCount",$AB$3,"MachineAge",AB19) -> 54.433962 | BD19: 161 | BE19: 0.069409903 | BG19: =IF(OR(BD19="",BD19="Grand Total",BD19="(blank)"),"",BD19) -> 161 | BH19: =IFERROR(VLOOKUP(BG19,$BD$3:$BE$552,2,FALSE),"") -> 0.069409903 | BM19: 17 | BN19: MAC-0087 | BP19: MAC-0016 | BQ19: 286 | BR19: =IF(OR(BP19="",BP19="Genel Toplam",BP19="(blank)"),"",BP19) -> MAC-0016 | BS19: =IFERROR(VLOOKUP(BR19,$BP$3:$BQ$1004,2,FALSE),"") -> 286 | BX19: 2020 | BY19: 94.612245 | BZ19: =IF(OR(BX19="",BX19="Grand Total",BX19="(blank)"),"",BX19) -> 2020 | CA19: =IFERROR(VLOOKUP(BX19,$BX$3:$BY$23,2,FALSE),"") -> 94.612245 | CC19: 0.011 | CF19: =_xlfn.NORM.DIST(CC19,$CD$3,$CD$4,FALSE) -> 32.804358 | CH19: 3509 | CI19: 12.621359 | CJ19: =IF(OR(CH19="",CH19="Grand Total",CH19="(blank)"),"",CH19) -> 3509 | CK19: =IFERROR(VLOOKUP(CJ19,$CH$3:$CI$983,2,FALSE),"") -> 12.621359 | CM19: 16 | CN19: 27.249191 | CO19: =IF(OR(CM19="",CM19="Grand Total",CM19="(blank)"),"",CM19) -> 16 | CP19: =IFERROR(VLOOKUP(CO19,$CM$3:$CN$983,2,FALSE),"") -> 27.249191 | DR19: MAC-0016 | DS19: 3766 | DT19: 22307822 | DU19: =IF(OR(DR19="",DR19="Genel Toplam",DR19="(blank)"),"",DR19) -> MAC-0016 | DV19: =IFERROR(VLOOKUP(DU19,$DR$3:$DT$1004,2,FALSE),"") -> 3766 | DW19: =IFERROR(VLOOKUP(DU19,$DR$3:$DT$1004,3,FALSE),"") -> 22307822 | EL19: MAC-0016 | EM19: 523 | EN19: 116 | ET19: 30 | EU19: 0.01174919 | EV19: =IF(OR(ET19="",ET19="Genel Toplam",ET19="(blank)"),"",ET19) -> 30 | EW19: =IFERROR(VLOOKUP(EV19,$ET$3:$EU$163,2,FALSE),"") -> 0.01174919
S20: 15000-16000 | T20: 6 | X20: MAC-0017 | Y20: 117 | AB20: 17 | AC20: 68.358209 | AD20: 17 | AE20: =GETPIVOTDATA("FailureCount",$AB$3,"MachineAge",AB20) -> 68.358209 | BD20: 163 | BE20: 0.032820861 | BG20: =IF(OR(BD20="",BD20="Grand Total",BD20="(blank)"),"",BD20) -> 163 | BH20: =IFERROR(VLOOKUP(BG20,$BD$3:$BE$552,2,FALSE),"") -> 0.032820861 | BM20: 17 | BN20: MAC-0509 | BP20: MAC-0017 | BQ20: 117 | BR20: =IF(OR(BP20="",BP20="Genel Toplam",BP20="(blank)"),"",BP20) -> MAC-0017 | BS20: =IFERROR(VLOOKUP(BR20,$BP$3:$BQ$1004,2,FALSE),"") -> 117 | BX20: 2021 | BY20: 86.981818 | BZ20: =IF(OR(BX20="",BX20="Grand Total",BX20="(blank)"),"",BX20) -> 2021 | CA20: =IFERROR(VLOOKUP(BX20,$BX$3:$BY$23,2,FALSE),"") -> 86.981818 | CC20: 0.012 | CF20: =_xlfn.NORM.DIST(CC20,$CD$3,$CD$4,FALSE) -> 36.509184 | CH20: 3512 | CI20: 28.802589 | CJ20: =IF(OR(CH20="",CH20="Grand Total",CH20="(blank)"),"",CH20) -> 3512 | CK20: =IFERROR(VLOOKUP(CJ20,$CH$3:$CI$983,2,FALSE),"") -> 28.802589 | CM20: 17 | CN20: 40.169903 | CO20: =IF(OR(CM20="",CM20="Grand Total",CM20="(blank)"),"",CM20) -> 17 | CP20: =IFERROR(VLOOKUP(CO20,$CM$3:$CN$983,2,FALSE),"") -> 40.169903 | DR20: MAC-0017 | DS20: 0 | DT20: 1450099 | DU20: =IF(OR(DR20="",DR20="Genel Toplam",DR20="(blank)"),"",DR20) -> MAC-0017 | DV20: =IFERROR(VLOOKUP(DU20,$DR$3:$DT$1004,2,FALSE),"") -> 0 | DW20: =IFERROR(VLOOKUP(DU20,$DR$3:$DT$1004,3,FALSE),"") -> 1450099 | EL20: MAC-0017 | EM20: 644 | EN20: 12230 | ET20: 31 | EU20: 0.017527427 | EV20: =IF(OR(ET20="",ET20="Genel Toplam",ET20="(blank)"),"",ET20) -> 31 | EW20: =IFERROR(VLOOKUP(EV20,$ET$3:$EU$163,2,FALSE),"") -> 0.017527427
S21: 17000-18000 | T21: 1 | X21: MAC-0018 | Y21: 559 | AB21: 18 | AC21: 79.178571 | AD21: 18 | AE21: =GETPIVOTDATA("FailureCount",$AB$3,"MachineAge",AB21) -> 79.178571 | BD21: 171 | BE21: 0.066395358 | BG21: =IF(OR(BD21="",BD21="Grand Total",BD21="(blank)"),"",BD21) -> 171 | BH21: =IFERROR(VLOOKUP(BG21,$BD$3:$BE$552,2,FALSE),"") -> 0.066395358 | BM21: 17 | BN21: MAC-0606 | BP21: MAC-0018 | BQ21: 559 | BR21: =IF(OR(BP21="",BP21="Genel Toplam",BP21="(blank)"),"",BP21) -> MAC-0018 | BS21: =IFERROR(VLOOKUP(BR21,$BP$3:$BQ$1004,2,FALSE),"") -> 559 | BX21: 2022 | BY21: 75.709677 | BZ21: =IF(OR(BX21="",BX21="Grand Total",BX21="(blank)"),"",BX21) -> 2022 | CA21: =IFERROR(VLOOKUP(BX21,$BX$3:$BY$23,2,FALSE),"") -> 75.709677 | CC21: 0.013 | CF21: =_xlfn.NORM.DIST(CC21,$CD$3,$CD$4,FALSE) -> 40.000282 | CH21: 3532 | CI21: 17.152104 | CJ21: =IF(OR(CH21="",CH21="Grand Total",CH21="(blank)"),"",CH21) -> 3532 | CK21: =IFERROR(VLOOKUP(CJ21,$CH$3:$CI$983,2,FALSE),"") -> 17.152104 | CM21: 18 | CN21: 24.012945 | CO21: =IF(OR(CM21="",CM21="Grand Total",CM21="(blank)"),"",CM21) -> 18 | CP21: =IFERROR(VLOOKUP(CO21,$CM$3:$CN$983,2,FALSE),"") -> 24.012945 | DR21: MAC-0018 | DS21: 5648 | DT21: 19143313 | DU21: =IF(OR(DR21="",DR21="Genel Toplam",DR21="(blank)"),"",DR21) -> MAC-0018 | DV21: =IFERROR(VLOOKUP(DU21,$DR$3:$DT$1004,2,FALSE),"") -> 5648 | DW21: =IFERROR(VLOOKUP(DU21,$DR$3:$DT$1004,3,FALSE),"") -> 19143313 | EL21: MAC-0018 | EM21: 325 | EN21: 1990 | ET21: 32 | EU21: 0.014513779 | EV21: =IF(OR(ET21="",ET21="Genel Toplam",ET21="(blank)"),"",ET21) -> 32 | EW21: =IFERROR(VLOOKUP(EV21,$ET$3:$EU$163,2,FALSE),"") -> 0.014513779
S22: Grand Total | T22: 1000 | X22: MAC-0019 | Y22: 463 | AB22: 19 | AC22: 100.05556 | AD22: 19 | AE22: =GETPIVOTDATA("FailureCount",$AB$3,"MachineAge",AB22) -> 100.05556 | BD22: 173 | BE22: 0.065980858 | BG22: =IF(OR(BD22="",BD22="Grand Total",BD22="(blank)"),"",BD22) -> 173 | BH22: =IFERROR(VLOOKUP(BG22,$BD$3:$BE$552,2,FALSE),"") -> 0.065980858 | BM22: 17 | BN22: MAC-0667 | BP22: MAC-0019 | BQ22: 463 | BR22: =IF(OR(BP22="",BP22="Genel Toplam",BP22="(blank)"),"",BP22) -> MAC-0019 | BS22: =IFERROR(VLOOKUP(BR22,$BP$3:$BQ$1004,2,FALSE),"") -> 463 | BX22: 2023 | BY22: 72.315789 | BZ22: =IF(OR(BX22="",BX22="Grand Total",BX22="(blank)"),"",BX22) -> 2023 | CA22: =IFERROR(VLOOKUP(BX22,$BX$3:$BY$23,2,FALSE),"") -> 72.315789 | CC22: 0.014 | CF22: =_xlfn.NORM.DIST(CC22,$CD$3,$CD$4,FALSE) -> 43.143395 | CH22: 3560 | CI22: 37.864078 | CJ22: =IF(OR(CH22="",CH22="Grand Total",CH22="(blank)"),"",CH22) -> 3560 | CK22: =IFERROR(VLOOKUP(CJ22,$CH$3:$CI$983,2,FALSE),"") -> 37.864078 | CM22: 19 | CN22: 33.090615 | CO22: =IF(OR(CM22="",CM22="Grand Total",CM22="(blank)"),"",CM22) -> 19 | CP22: =IFERROR(VLOOKUP(CO22,$CM$3:$CN$983,2,FALSE),"") -> 33.090615 | DR22: MAC-0019 | DS22: 6826 | DT22: 808031 | DU22: =IF(OR(DR22="",DR22="Genel Toplam",DR22="(blank)"),"",DR22) -> MAC-0019 | DV22: =IFERROR(VLOOKUP(DU22,$DR$3:$DT$1004,2,FALSE),"") -> 6826 | DW22: =IFERROR(VLOOKUP(DU22,$DR$3:$DT$1004,3,FALSE),"") -> 808031 | EL22: MAC-0019 | EM22: 302 | EN22: 764 | ET22: 33 | EU22: 0.015675635 | EV22: =IF(OR(ET22="",ET22="Genel Toplam",ET22="(blank)"),"",ET22) -> 33 | EW22: =IFERROR(VLOOKUP(EV22,$ET$3:$EU$163,2,FALSE),"") -> 0.015675635
X23: MAC-0020 | Y23: 61 | AB23: Grand Total | AC23: 26.538 | AD23: 20 | AE23: =GETPIVOTDATA("FailureCount",$AB$3,"MachineAge",AB23) -> #REF! | BD23: 186 | BE23: 0.032707815 | BG23: =IF(OR(BD23="",BD23="Grand Total",BD23="(blank)"),"",BD23) -> 186 | BH23: =IFERROR(VLOOKUP(BG23,$BD$3:$BE$552,2,FALSE),"") -> 0.032707815 | BM23: 17 | BN23: MAC-0756 | BP23: MAC-0020 | BQ23: 61 | BR23: =IF(OR(BP23="",BP23="Genel Toplam",BP23="(blank)"),"",BP23) -> MAC-0020 | BS23: =IFERROR(VLOOKUP(BR23,$BP$3:$BQ$1004,2,FALSE),"") -> 61 | BX23: Genel Toplam | BY23: 149.762 | BZ23: =IF(OR(BX23="",BX23="Grand Total",BX23="(blank)"),"",BX23) -> Genel Toplam | CC23: 0.015 | CF23: =_xlfn.NORM.DIST(CC23,$CD$3,$CD$4,FALSE) -> 45.809539 | CH23: 3562 | CI23: 14.239482 | CJ23: =IF(OR(CH23="",CH23="Grand Total",CH23="(blank)"),"",CH23) -> 3562 | CK23: =IFERROR(VLOOKUP(CJ23,$CH$3:$CI$983,2,FALSE),"") -> 14.239482 | CM23: 20 | CN23: 41.835834 | CO23: =IF(OR(CM23="",CM23="Grand Total",CM23="(blank)"),"",CM23) -> 20 | CP23: =IFERROR(VLOOKUP(CO23,$CM$3:$CN$983,2,FALSE),"") -> 41.835834 | DR23: MAC-0020 | DS23: 324 | DT23: 2939951 | DU23: =IF(OR(DR23="",DR23="Genel Toplam",DR23="(blank)"),"",DR23) -> MAC-0020 | DV23: =IFERROR(VLOOKUP(DU23,$DR$3:$DT$1004,2,FALSE),"") -> 324 | DW23: =IFERROR(VLOOKUP(DU23,$DR$3:$DT$1004,3,FALSE),"") -> 2939951 | EL23: MAC-0020 | EM23: 797 | EN23: 9158 | ET23: 34 | EU23: 0.013678499 | EV23: =IF(OR(ET23="",ET23="Genel Toplam",ET23="(blank)"),"",ET23) -> 34 | EW23: =IFERROR(VLOOKUP(EV23,$ET$3:$EU$163,2,FALSE),"") -> 0.013678499
X24: MAC-0021 | Y24: 174 | AD24: 21 | BD24: 190 | BE24: 0.033612179 | BG24: =IF(OR(BD24="",BD24="Grand Total",BD24="(blank)"),"",BD24) -> 190 | BH24: =IFERROR(VLOOKUP(BG24,$BD$3:$BE$552,2,FALSE),"") -> 0.033612179 | BM24: 18 | BN24: MAC-0115 | BP24: MAC-0021 | BQ24: 174 | BR24: =IF(OR(BP24="",BP24="Genel Toplam",BP24="(blank)"),"",BP24) -> MAC-0021 | BS24: =IFERROR(VLOOKUP(BR24,$BP$3:$BQ$1004,2,FALSE),"") -> 174 | CC24: 0.016 | CF24: =_xlfn.NORM.DIST(CC24,$CD$3,$CD$4,FALSE) -> 47.883718 | CH24: 3650 | CI24: 25.889968 | CJ24: =IF(OR(CH24="",CH24="Grand Total",CH24="(blank)"),"",CH24) -> 3650 | CK24: =IFERROR(VLOOKUP(CJ24,$CH$3:$CI$983,2,FALSE),"") -> 25.889968 | CM24: 21 | CN24: 43.185904 | CO24: =IF(OR(CM24="",CM24="Grand Total",CM24="(blank)"),"",CM24) -> 21 | CP24: =IFERROR(VLOOKUP(CO24,$CM$3:$CN$983,2,FALSE),"") -> 43.185904 | DR24: MAC-0021 | DS24: 55361 | DT24: 167182965 | DU24: =IF(OR(DR24="",DR24="Genel Toplam",DR24="(blank)"),"",DR24) -> MAC-0021 | DV24: =IFERROR(VLOOKUP(DU24,$DR$3:$DT$1004,2,FALSE),"") -> 55361 | DW24: =IFERROR(VLOOKUP(DU24,$DR$3:$DT$1004,3,FALSE),"") -> 167182965 | EL24: MAC-0021 | EM24: 221 | EN24: 157 | ET24: 35 | EU24: 0.020655018 | EV24: =IF(OR(ET24="",ET24="Genel Toplam",ET24="(blank)"),"",ET24) -> 35 | EW24: =IFERROR(VLOOKUP(EV24,$ET$3:$EU$163,2,FALSE),"") -> 0.020655018
X25: MAC-0022 | Y25: 26 | BD25: 194 | BE25: 0.032896224 | BG25: =IF(OR(BD25="",BD25="Grand Total",BD25="(blank)"),"",BD25) -> 194 | BH25: =IFERROR(VLOOKUP(BG25,$BD$3:$BE$552,2,FALSE),"") -> 0.032896224 | BM25: 19 | BN25: MAC-0830 | BP25: MAC-0022 | BQ25: 26 | BR25: =IF(OR(BP25="",BP25="Genel Toplam",BP25="(blank)"),"",BP25) -> MAC-0022 | BS25: =IFERROR(VLOOKUP(BR25,$BP$3:$BQ$1004,2,FALSE),"") -> 26 | CC25: 0.017 | CF25: =_xlfn.NORM.DIST(CC25,$CD$3,$CD$4,FALSE) -> 49.27313 | CH25: 3722 | CI25: 14.239482 | CJ25: =IF(OR(CH25="",CH25="Grand Total",CH25="(blank)"),"",CH25) -> 3722 | CK25: =IFERROR(VLOOKUP(CJ25,$CH$3:$CI$983,2,FALSE),"") -> 14.239482 | CM25: 22 | CN25: 44.498382 | CO25: =IF(OR(CM25="",CM25="Grand Total",CM25="(blank)"),"",CM25) -> 22 | CP25: =IFERROR(VLOOKUP(CO25,$CM$3:$CN$983,2,FALSE),"") -> 44.498382 | DR25: MAC-0022 | DS25: 90 | DT25: 442955 | DU25: =IF(OR(DR25="",DR25="Genel Toplam",DR25="(blank)"),"",DR25) -> MAC-0022 | DV25: =IFERROR(VLOOKUP(DU25,$DR$3:$DT$1004,2,FALSE),"") -> 90 | DW25: =IFERROR(VLOOKUP(DU25,$DR$3:$DT$1004,3,FALSE),"") -> 442955 | EL25: MAC-0022 | EM25: 781 | EN25: 8436 | ET25: 36 | EU25: 0.017408998 | EV25: =IF(OR(ET25="",ET25="Genel Toplam",ET25="(blank)"),"",ET25) -> 36 | EW25: =IFERROR(VLOOKUP(EV25,$ET$3:$EU$163,2,FALSE),"") -> 0.017408998
X26: MAC-0023 | Y26: 269 | BD26: 197 | BE26: 0.065340267 | BG26: =IF(OR(BD26="",BD26="Grand Total",BD26="(blank)"),"",BD26) -> 197 | BH26: =IFERROR(VLOOKUP(BG26,$BD$3:$BE$552,2,FALSE),"") -> 0.065340267 | BM26: 19 | BN26: MAC-0943 | BP26: MAC-0023 | BQ26: 269 | BR26: =IF(OR(BP26="",BP26="Genel Toplam",BP26="(blank)"),"",BP26) -> MAC-0023 | BS26: =IFERROR(VLOOKUP(BR26,$BP$3:$BQ$1004,2,FALSE),"") -> 269 | CC26: 0.018 | CF26: =_xlfn.NORM.DIST(CC26,$CD$3,$CD$4,FALSE) -> 49.914045 | CH26: 3773 | CI26: 20.711974 | CJ26: =IF(OR(CH26="",CH26="Grand Total",CH26="(blank)"),"",CH26) -> 3773 | CK26: =IFERROR(VLOOKUP(CJ26,$CH$3:$CI$983,2,FALSE),"") -> 20.711974 | CM26: 23 | CN26: 41.146556 | CO26: =IF(OR(CM26="",CM26="Grand Total",CM26="(blank)"),"",CM26) -> 23 | CP26: =IFERROR(VLOOKUP(CO26,$CM$3:$CN$983,2,FALSE),"") -> 41.146556 | DR26: MAC-0023 | DS26: 182 | DT26: 1861591 | DU26: =IF(OR(DR26="",DR26="Genel Toplam",DR26="(blank)"),"",DR26) -> MAC-0023 | DV26: =IFERROR(VLOOKUP(DU26,$DR$3:$DT$1004,2,FALSE),"") -> 182 | DW26: =IFERROR(VLOOKUP(DU26,$DR$3:$DT$1004,3,FALSE),"") -> 1861591 | EL26: MAC-0023 | EM26: 650 | EN26: 7217 | ET26: 37 | EU26: 0.01589096 | EV26: =IF(OR(ET26="",ET26="Genel Toplam",ET26="(blank)"),"",ET26) -> 37 | EW26: =IFERROR(VLOOKUP(EV26,$ET$3:$EU$163,2,FALSE),"") -> 0.01589096
X27: MAC-0024 | Y27: 94 | BD27: 198 | BE27: 0.031388952 | BG27: =IF(OR(BD27="",BD27="Grand Total",BD27="(blank)"),"",BD27) -> 198 | BH27: =IFERROR(VLOOKUP(BG27,$BD$3:$BE$552,2,FALSE),"") -> 0.031388952 | BM27: 21 | BN27: MAC-0590 | BP27: MAC-0024 | BQ27: 94 | BR27: =IF(OR(BP27="",BP27="Genel Toplam",BP27="(blank)"),"",BP27) -> MAC-0024 | BS27: =IFERROR(VLOOKUP(BR27,$BP$3:$BQ$1004,2,FALSE),"") -> 94 | CC27: 0.019 | CF27: =_xlfn.NORM.DIST(CC27,$CD$3,$CD$4,FALSE) -> 49.776657 | CH27: 3807 | CI27: 19.093851 | CJ27: =IF(OR(CH27="",CH27="Grand Total",CH27="(blank)"),"",CH27) -> 3807 | CK27: =IFERROR(VLOOKUP(CJ27,$CH$3:$CI$983,2,FALSE),"") -> 19.093851 | CM27: 24 | CN27: 43.042071 | CO27: =IF(OR(CM27="",CM27="Grand Total",CM27="(blank)"),"",CM27) -> 24 | CP27: =IFERROR(VLOOKUP(CO27,$CM$3:$CN$983,2,FALSE),"") -> 43.042071 | DR27: MAC-0024 | DS27: 151 | DT27: 43419 | DU27: =IF(OR(DR27="",DR27="Genel Toplam",DR27="(blank)"),"",DR27) -> MAC-0024 | DV27: =IFERROR(VLOOKUP(DU27,$DR$3:$DT$1004,2,FALSE),"") -> 151 | DW27: =IFERROR(VLOOKUP(DU27,$DR$3:$DT$1004,3,FALSE),"") -> 43419 | EL27: MAC-0024 | EM27: 590 | EN27: 11922 | ET27: 38 | EU27: 0.018121185 | EV27: =IF(OR(ET27="",ET27="Genel Toplam",ET27="(blank)"),"",ET27) -> 38 | EW27: =IFERROR(VLOOKUP(EV27,$ET$3:$EU$163,2,FALSE),"") -> 0.018121185
X28: MAC-0025 | Y28: 239 | BD28: 200 | BE28: 0.031916497 | BG28: =IF(OR(BD28="",BD28="Grand Total",BD28="(blank)"),"",BD28) -> 200 | BH28: =IFERROR(VLOOKUP(BG28,$BD$3:$BE$552,2,FALSE),"") -> 0.031916497 | BM28: 21 | BN28: MAC-0828 | BP28: MAC-0025 | BQ28: 239 | BR28: =IF(OR(BP28="",BP28="Genel Toplam",BP28="(blank)"),"",BP28) -> MAC-0025 | BS28: =IFERROR(VLOOKUP(BR28,$BP$3:$BQ$1004,2,FALSE),"") -> 239 | CC28: 0.02 | CF28: =_xlfn.NORM.DIST(CC28,$CD$3,$CD$4,FALSE) -> 48.867377 | CH28: 3863 | CI28: 8.4142395 | CJ28: =IF(OR(CH28="",CH28="Grand Total",CH28="(blank)"),"",CH28) -> 3863 | CK28: =IFERROR(VLOOKUP(CJ28,$CH$3:$CI$983,2,FALSE),"") -> 8.4142395 | CM28: 25 | CN28: 33.980583 | CO28: =IF(OR(CM28="",CM28="Grand Total",CM28="(blank)"),"",CM28) -> 25 | CP28: =IFERROR(VLOOKUP(CO28,$CM$3:$CN$983,2,FALSE),"") -> 33.980583 | DR28: MAC-0025 | DS28: 7072 | DT28: 23420184 | DU28: =IF(OR(DR28="",DR28="Genel Toplam",DR28="(blank)"),"",DR28) -> MAC-0025 | DV28: =IFERROR(VLOOKUP(DU28,$DR$3:$DT$1004,2,FALSE),"") -> 7072 | DW28: =IFERROR(VLOOKUP(DU28,$DR$3:$DT$1004,3,FALSE),"") -> 23420184 | EL28: MAC-0025 | EM28: 478 | EN28: 1400 | ET28: 39 | EU28: 0.01349009 | EV28: =IF(OR(ET28="",ET28="Genel Toplam",ET28="(blank)"),"",ET28) -> 39 | EW28: =IFERROR(VLOOKUP(EV28,$ET$3:$EU$163,2,FALSE),"") -> 0.01349009
X29: MAC-0026 | Y29: 539 | BD29: 205 | BE29: 0.032217952 | BG29: =IF(OR(BD29="",BD29="Grand Total",BD29="(blank)"),"",BD29) -> 205 | BH29: =IFERROR(VLOOKUP(BG29,$BD$3:$BE$552,2,FALSE),"") -> 0.032217952 | BM29: 22 | BN29: MAC-0143 | BP29: MAC-0026 | BQ29: 539 | BR29: =IF(OR(BP29="",BP29="Genel Toplam",BP29="(blank)"),"",BP29) -> MAC-0026 | BS29: =IFERROR(VLOOKUP(BR29,$BP$3:$BQ$1004,2,FALSE),"") -> 539 | CC29: 0.021 | CF29: =_xlfn.NORM.DIST(CC29,$CD$3,$CD$4,FALSE) -> 47.228338 | CH29: 3881 | CI29: 7.4433657 | CJ29: =IF(OR(CH29="",CH29="Grand Total",CH29="(blank)"),"",CH29) -> 3881 | CK29: =IFERROR(VLOOKUP(CJ29,$CH$3:$CI$983,2,FALSE),"") -> 7.4433657 | CM29: 26 | CN29: 22.384035 | CO29: =IF(OR(CM29="",CM29="Grand Total",CM29="(blank)"),"",CM29) -> 26 | CP29: =IFERROR(VLOOKUP(CO29,$CM$3:$CN$983,2,FALSE),"") -> 22.384035 | DR29: MAC-0026 | DS29: 4607 | DT29: 18271732 | DU29: =IF(OR(DR29="",DR29="Genel Toplam",DR29="(blank)"),"",DR29) -> MAC-0026 | DV29: =IFERROR(VLOOKUP(DU29,$DR$3:$DT$1004,2,FALSE),"") -> 4607 | DW29: =IFERROR(VLOOKUP(DU29,$DR$3:$DT$1004,3,FALSE),"") -> 18271732 | EL29: MAC-0026 | EM29: 489 | EN29: 2426 | ET29: 40 | EU29: 0.017734004 | EV29: =IF(OR(ET29="",ET29="Genel Toplam",ET29="(blank)"),"",ET29) -> 40 | EW29: =IFERROR(VLOOKUP(EV29,$ET$3:$EU$163,2,FALSE),"") -> 0.017734004
X30: MAC-0027 | Y30: 359 | BD30: 206 | BE30: 0.031615043 | BG30: =IF(OR(BD30="",BD30="Grand Total",BD30="(blank)"),"",BD30) -> 206 | BH30: =IFERROR(VLOOKUP(BG30,$BD$3:$BE$552,2,FALSE),"") -> 0.031615043 | BM30: 23 | BN30: MAC-0422 | BP30: MAC-0027 | BQ30: 359 | BR30: =IF(OR(BP30="",BP30="Genel Toplam",BP30="(blank)"),"",BP30) -> MAC-0027 | BS30: =IFERROR(VLOOKUP(BR30,$BP$3:$BQ$1004,2,FALSE),"") -> 359 | CC30: 0.022 | CF30: =_xlfn.NORM.DIST(CC30,$CD$3,$CD$4,FALSE) -> 44.934161 | CH30: 3900 | CI30: 22.977346 | CJ30: =IF(OR(CH30="",CH30="Grand Total",CH30="(blank)"),"",CH30) -> 3900 | CK30: =IFERROR(VLOOKUP(CJ30,$CH$3:$CI$983,2,FALSE),"") -> 22.977346 | CM30: 27 | CN30: 41.477886 | CO30: =IF(OR(CM30="",CM30="Grand Total",CM30="(blank)"),"",CM30) -> 27 | CP30: =IFERROR(VLOOKUP(CO30,$CM$3:$CN$983,2,FALSE),"") -> 41.477886 | DR30: MAC-0027 | DS30: 2466 | DT30: 3780849 | DU30: =IF(OR(DR30="",DR30="Genel Toplam",DR30="(blank)"),"",DR30) -> MAC-0027 | DV30: =IFERROR(VLOOKUP(DU30,$DR$3:$DT$1004,2,FALSE),"") -> 2466 | DW30: =IFERROR(VLOOKUP(DU30,$DR$3:$DT$1004,3,FALSE),"") -> 3780849 | EL30: MAC-0027 | EM30: 354 | EN30: 1490 | ET30: 41 | EU30: 0.016730726 | EV30: =IF(OR(ET30="",ET30="Genel Toplam",ET30="(blank)"),"",ET30) -> 41 | EW30: =IFERROR(VLOOKUP(EV30,$ET$3:$EU$163,2,FALSE),"") -> 0.016730726
X31: MAC-0028 | Y31: 149 | BD31: 209 | BE31: 0.03300927 | BG31: =IF(OR(BD31="",BD31="Grand Total",BD31="(blank)"),"",BD31) -> 209 | BH31: =IFERROR(VLOOKUP(BG31,$BD$3:$BE$552,2,FALSE),"") -> 0.03300927 | BM31: 23 | BN31: MAC-0476 | BP31: MAC-0028 | BQ31: 149 | BR31: =IF(OR(BP31="",BP31="Genel Toplam",BP31="(blank)"),"",BP31) -> MAC-0028 | BS31: =IFERROR(VLOOKUP(BR31,$BP$3:$BQ$1004,2,FALSE),"") -> 149 | CC31: 0.023 | CF31: =_xlfn.NORM.DIST(CC31,$CD$3,$CD$4,FALSE) -> 42.08632 | CH31: 3952 | CI31: 6.4724919 | CJ31: =IF(OR(CH31="",CH31="Grand Total",CH31="(blank)"),"",CH31) -> 3952 | CK31: =IFERROR(VLOOKUP(CJ31,$CH$3:$CI$983,2,FALSE),"") -> 6.4724919 | CM31: 28 | CN31: 39.199029 | CO31: =IF(OR(CM31="",CM31="Grand Total",CM31="(blank)"),"",CM31) -> 28 | CP31: =IFERROR(VLOOKUP(CO31,$CM$3:$CN$983,2,FALSE),"") -> 39.199029 | DR31: MAC-0028 | DS31: 1946 | DT31: 6708537 | DU31: =IF(OR(DR31="",DR31="Genel Toplam",DR31="(blank)"),"",DR31) -> MAC-0028 | DV31: =IFERROR(VLOOKUP(DU31,$DR$3:$DT$1004,2,FALSE),"") -> 1946 | DW31: =IFERROR(VLOOKUP(DU31,$DR$3:$DT$1004,3,FALSE),"") -> 6708537 | EL31: MAC-0028 | EM31: 319 | EN31: 832 | ET31: 42 | EU31: 0.015619112 | EV31: =IF(OR(ET31="",ET31="Genel Toplam",ET31="(blank)"),"",ET31) -> 42 | EW31: =IFERROR(VLOOKUP(EV31,$ET$3:$EU$163,2,FALSE),"") -> 0.015619112
X32: MAC-0029 | Y32: 52 | BD32: 211 | BE32: 0.064661994 | BG32: =IF(OR(BD32="",BD32="Grand Total",BD32="(blank)"),"",BD32) -> 211 | BH32: =IFERROR(VLOOKUP(BG32,$BD$3:$BE$552,2,FALSE),"") -> 0.064661994 | BM32: 23 | BN32: MAC-0970 | BP32: MAC-0029 | BQ32: 52 | BR32: =IF(OR(BP32="",BP32="Genel Toplam",BP32="(blank)"),"",BP32) -> MAC-0029 | BS32: =IFERROR(VLOOKUP(BR32,$BP$3:$BQ$1004,2,FALSE),"") -> 52 | CC32: 0.024 | CF32: =_xlfn.NORM.DIST(CC32,$CD$3,$CD$4,FALSE) -> 38.805707 | CH32: 3980 | CI32: 15.210356 | CJ32: =IF(OR(CH32="",CH32="Grand Total",CH32="(blank)"),"",CH32) -> 3980 | CK32: =IFERROR(VLOOKUP(CJ32,$CH$3:$CI$983,2,FALSE),"") -> 15.210356 | CM32: 29 | CN32: 31.807675 | CO32: =IF(OR(CM32="",CM32="Grand Total",CM32="(blank)"),"",CM32) -> 29 | CP32: =IFERROR(VLOOKUP(CO32,$CM$3:$CN$983,2,FALSE),"") -> 31.807675 | DR32: MAC-0029 | DS32: 2109 | DT32: 1102401 | DU32: =IF(OR(DR32="",DR32="Genel Toplam",DR32="(blank)"),"",DR32) -> MAC-0029 | DV32: =IFERROR(VLOOKUP(DU32,$DR$3:$DT$1004,2,FALSE),"") -> 2109 | DW32: =IFERROR(VLOOKUP(DU32,$DR$3:$DT$1004,3,FALSE),"") -> 1102401 | EL32: MAC-0029 | EM32: 489 | EN32: 1956 | ET32: 43 | EU32: 0.01785176 | EV32: =IF(OR(ET32="",ET32="Genel Toplam",ET32="(blank)"),"",ET32) -> 43 | EW32: =IFERROR(VLOOKUP(EV32,$ET$3:$EU$163,2,FALSE),"") -> 0.01785176
X33: MAC-0030 | Y33: 314 | BD33: 216 | BE33: 0.031464315 | BG33: =IF(OR(BD33="",BD33="Grand Total",BD33="(blank)"),"",BD33) -> 216 | BH33: =IFERROR(VLOOKUP(BG33,$BD$3:$BE$552,2,FALSE),"") -> 0.031464315 | BM33: 24 | BN33: MAC-0430 | BP33: MAC-0030 | BQ33: 314 | BR33: =IF(OR(BP33="",BP33="Genel Toplam",BP33="(blank)"),"",BP33) -> MAC-0030 | BS33: =IFERROR(VLOOKUP(BR33,$BP$3:$BQ$1004,2,FALSE),"") -> 314 | CC33: 0.025 | CF33: =_xlfn.NORM.DIST(CC33,$CD$3,$CD$4,FALSE) -> 35.224156 | CH33: 3987 | CI33: 4.5307443 | CJ33: =IF(OR(CH33="",CH33="Grand Total",CH33="(blank)"),"",CH33) -> 3987 | CK33: =IFERROR(VLOOKUP(CJ33,$CH$3:$CI$983,2,FALSE),"") -> 4.5307443 | CM33: 30 | CN33: 32.200647 | CO33: =IF(OR(CM33="",CM33="Grand Total",CM33="(blank)"),"",CM33) -> 30 | CP33: =IFERROR(VLOOKUP(CO33,$CM$3:$CN$983,2,FALSE),"") -> 32.200647 | DR33: MAC-0030 | DS33: 432 | DT33: 3192496 | DU33: =IF(OR(DR33="",DR33="Genel Toplam",DR33="(blank)"),"",DR33) -> MAC-0030 | DV33: =IFERROR(VLOOKUP(DU33,$DR$3:$DT$1004,2,FALSE),"") -> 432 | DW33: =IFERROR(VLOOKUP(DU33,$DR$3:$DT$1004,3,FALSE),"") -> 3192496 | EL33: MAC-0030 | EM33: 716 | EN33: 10855 | ET33: 44 | EU33: 0.021202301 | EV33: =IF(OR(ET33="",ET33="Genel Toplam",ET33="(blank)"),"",ET33) -> 44 | EW33: =IFERROR(VLOOKUP(EV33,$ET$3:$EU$163,2,FALSE),"") -> 0.021202301
X34: MAC-0031 | Y34: 511 | BD34: 221 | BE34: 0.032745497 | BG34: =IF(OR(BD34="",BD34="Grand Total",BD34="(blank)"),"",BD34) -> 221 | BH34: =IFERROR(VLOOKUP(BG34,$BD$3:$BE$552,2,FALSE),"") -> 0.032745497 | BM34: 24 | BN34: MAC-0611 | BP34: MAC-0031 | BQ34: 511 | BR34: =IF(OR(BP34="",BP34="Genel Toplam",BP34="(blank)"),"",BP34) -> MAC-0031 | BS34: =IFERROR(VLOOKUP(BR34,$BP$3:$BQ$1004,2,FALSE),"") -> 511 | CC34: 0.026 | CF34: =_xlfn.NORM.DIST(CC34,$CD$3,$CD$4,FALSE) -> 31.475738 | CH34: 4023 | CI34: 19.093851 | CJ34: =IF(OR(CH34="",CH34="Grand Total",CH34="(blank)"),"",CH34) -> 4023 | CK34: =IFERROR(VLOOKUP(CJ34,$CH$3:$CI$983,2,FALSE),"") -> 19.093851 | CM34: 31 | CN34: 44.228695 | CO34: =IF(OR(CM34="",CM34="Grand Total",CM34="(blank)"),"",CM34) -> 31 | CP34: =IFERROR(VLOOKUP(CO34,$CM$3:$CN$983,2,FALSE),"") -> 44.228695 | DR34: MAC-0031 | DS34: 15929 | DT34: 82251713 | DU34: =IF(OR(DR34="",DR34="Genel Toplam",DR34="(blank)"),"",DR34) -> MAC-0031 | DV34: =IFERROR(VLOOKUP(DU34,$DR$3:$DT$1004,2,FALSE),"") -> 15929 | DW34: =IFERROR(VLOOKUP(DU34,$DR$3:$DT$1004,3,FALSE),"") -> 82251713 | EL34: MAC-0031 | EM34: 489 | EN34: 119 | ET34: 45 | EU34: 0.015939408 | EV34: =IF(OR(ET34="",ET34="Genel Toplam",ET34="(blank)"),"",ET34) -> 45 | EW34: =IFERROR(VLOOKUP(EV34,$ET$3:$EU$163,2,FALSE),"") -> 0.015939408
X35: MAC-0032 | Y35: 113 | BD35: 225 | BE35: 0.03093677 | BG35: =IF(OR(BD35="",BD35="Grand Total",BD35="(blank)"),"",BD35) -> 225 | BH35: =IFERROR(VLOOKUP(BG35,$BD$3:$BE$552,2,FALSE),"") -> 0.03093677 | BM35: 24 | BN35: MAC-0864 | BP35: MAC-0032 | BQ35: 113 | BR35: =IF(OR(BP35="",BP35="Genel Toplam",BP35="(blank)"),"",BP35) -> MAC-0032 | BS35: =IFERROR(VLOOKUP(BR35,$BP$3:$BQ$1004,2,FALSE),"") -> 113 | CC35: 0.027 | CF35: =_xlfn.NORM.DIST(CC35,$CD$3,$CD$4,FALSE) -> 27.688638 | CH35: 4033 | CI35: 19.093851 | CJ35: =IF(OR(CH35="",CH35="Grand Total",CH35="(blank)"),"",CH35) -> 4033 | CK35: =IFERROR(VLOOKUP(CJ35,$CH$3:$CI$983,2,FALSE),"") -> 19.093851 | CM35: 32 | CN35: 25.961884 | CO35: =IF(OR(CM35="",CM35="Grand Total",CM35="(blank)"),"",CM35) -> 32 | CP35: =IFERROR(VLOOKUP(CO35,$CM$3:$CN$983,2,FALSE),"") -> 25.961884 | DR35: MAC-0032 | DS35: 4259 | DT35: 22214675 | DU35: =IF(OR(DR35="",DR35="Genel Toplam",DR35="(blank)"),"",DR35) -> MAC-0032 | DV35: =IFERROR(VLOOKUP(DU35,$DR$3:$DT$1004,2,FALSE),"") -> 4259 | DW35: =IFERROR(VLOOKUP(DU35,$DR$3:$DT$1004,3,FALSE),"") -> 22214675 | EL35: MAC-0032 | EM35: 489 | EN35: 1771 | ET35: 46 | EU35: 0.016262843 | EV35: =IF(OR(ET35="",ET35="Genel Toplam",ET35="(blank)"),"",ET35) -> 46 | EW35: =IFERROR(VLOOKUP(EV35,$ET$3:$EU$163,2,FALSE),"") -> 0.016262843
X36: MAC-0033 | Y36: 254 | BD36: 227 | BE36: 0.032858542 | BG36: =IF(OR(BD36="",BD36="Grand Total",BD36="(blank)"),"",BD36) -> 227 | BH36: =IFERROR(VLOOKUP(BG36,$BD$3:$BE$552,2,FALSE),"") -> 0.032858542 | BM36: 25 | BN36: MAC-0502 | BP36: MAC-0033 | BQ36: 254 | BR36: =IF(OR(BP36="",BP36="Genel Toplam",BP36="(blank)"),"",BP36) -> MAC-0033 | BS36: =IFERROR(VLOOKUP(BR36,$BP$3:$BQ$1004,2,FALSE),"") -> 254 | CC36: 0.028 | CF36: =_xlfn.NORM.DIST(CC36,$CD$3,$CD$4,FALSE) -> 23.978256 | CH36: 4047 | CI36: 20.064725 | CJ36: =IF(OR(CH36="",CH36="Grand Total",CH36="(blank)"),"",CH36) -> 4047 | CK36: =IFERROR(VLOOKUP(CJ36,$CH$3:$CI$983,2,FALSE),"") -> 20.064725 | CM36: 33 | CN36: 42.394822 | CO36: =IF(OR(CM36="",CM36="Grand Total",CM36="(blank)"),"",CM36) -> 33 | CP36: =IFERROR(VLOOKUP(CO36,$CM$3:$CN$983,2,FALSE),"") -> 42.394822 | DR36: MAC-0033 | DS36: 16714 | DT36: 18984306 | DU36: =IF(OR(DR36="",DR36="Genel Toplam",DR36="(blank)"),"",DR36) -> MAC-0033 | DV36: =IFERROR(VLOOKUP(DU36,$DR$3:$DT$1004,2,FALSE),"") -> 16714 | DW36: =IFERROR(VLOOKUP(DU36,$DR$3:$DT$1004,3,FALSE),"") -> 18984306 | EL36: MAC-0033 | EM36: 555 | EN36: 341 | ET36: 47 | EU36: 0.018490467 | EV36: =IF(OR(ET36="",ET36="Genel Toplam",ET36="(blank)"),"",ET36) -> 47 | EW36: =IFERROR(VLOOKUP(EV36,$ET$3:$EU$163,2,FALSE),"") -> 0.018490467
... X48: MAC-0045 | Y48: 726 | BD48: 249 | BE48: 0.031275906 | BG48: =IF(OR(BD48="",BD48="Grand Total",BD48="(blank)"),"",BD48) -> 249 | BH48: =IFERROR(VLOOKUP(BG48,$BD$3:$BE$552,2,FALSE),"") -> 0.031275906 | BM48: 33 | BN48: MAC-0267 | BP48: MAC-0045 | BQ48: 726 | BR48: =IF(OR(BP48="",BP48="Genel Toplam",BP48="(blank)"),"",BP48) -> MAC-0045 | BS48: =IFERROR(VLOOKUP(BR48,$BP$3:$BQ$1004,2,FALSE),"") -> 726 | CC48: 0.04 | CF48: =_xlfn.NORM.DIST(CC48,$CD$3,$CD$4,FALSE) -> 1.2556139 | CH48: 4428 | CI48: 15.857605 | CJ48: =IF(OR(CH48="",CH48="Grand Total",CH48="(blank)"),"",CH48) -> 4428 | CK48: =IFERROR(VLOOKUP(CJ48,$CH$3:$CI$983,2,FALSE),"") -> 15.857605 | CM48: 45 | CN48: 38.570168 | CO48: =IF(OR(CM48="",CM48="Grand Total",CM48="(blank)"),"",CM48) -> 45 | CP48: =IFERROR(VLOOKUP(CO48,$CM$3:$CN$983,2,FALSE),"") -> 38.570168 | DR48: MAC-0045 | DS48: 10056 | DT48: 12925497 | DU48: =IF(OR(DR48="",DR48="Genel Toplam",DR48="(blank)"),"",DR48) -> MAC-0045 | DV48: =IFERROR(VLOOKUP(DU48,$DR$3:$DT$1004,2,FALSE),"") -> 10056 | DW48: =IFERROR(VLOOKUP(DU48,$DR$3:$DT$1004,3,FALSE),"") -> 12925497 | EL48: MAC-0045 | EM48: 149 | EN48: 772 | ET48: 59 | EU48: 0.015513132 | EV48: =IF(OR(ET48="",ET48="Genel Toplam",ET48="(blank)"),"",ET48) -> 59 | EW48: =IFERROR(VLOOKUP(EV48,$ET$3:$EU$163,2,FALSE),"") -> 0.015513132
X49: MAC-0046 | Y49: 4 | BD49: 251 | BE49: 0.094204537 | BG49: =IF(OR(BD49="",BD49="Grand Total",BD49="(blank)"),"",BD49) -> 251 | BH49: =IFERROR(VLOOKUP(BG49,$BD$3:$BE$552,2,FALSE),"") -> 0.094204537 | BM49: 33 | BN49: MAC-0847 | BP49: MAC-0046 | BQ49: 4 | BR49: =IF(OR(BP49="",BP49="Genel Toplam",BP49="(blank)"),"",BP49) -> MAC-0046 | BS49: =IFERROR(VLOOKUP(BR49,$BP$3:$BQ$1004,2,FALSE),"") -> 4 | CH49: 4450 | CI49: 18.122977 | CJ49: =IF(OR(CH49="",CH49="Grand Total",CH49="(blank)"),"",CH49) -> 4450 | CK49: =IFERROR(VLOOKUP(CJ49,$CH$3:$CI$983,2,FALSE),"") -> 18.122977 | CM49: 46 | CN49: 43.980583 | CO49: =IF(OR(CM49="",CM49="Grand Total",CM49="(blank)"),"",CM49) -> 46 | CP49: =IFERROR(VLOOKUP(CO49,$CM$3:$CN$983,2,FALSE),"") -> 43.980583 | DR49: MAC-0046 | DS49: 200 | DT49: 1054162 | DU49: =IF(OR(DR49="",DR49="Genel Toplam",DR49="(blank)"),"",DR49) -> MAC-0046 | DV49: =IFERROR(VLOOKUP(DU49,$DR$3:$DT$1004,2,FALSE),"") -> 200 | DW49: =IFERROR(VLOOKUP(DU49,$DR$3:$DT$1004,3,FALSE),"") -> 1054162 | EL49: MAC-0046 | EM49: 965 | EN49: 9651 | ET49: 60 | EU49: 0.017898862 | EV49: =IF(OR(ET49="",ET49="Genel Toplam",ET49="(blank)"),"",ET49) -> 60 | EW49: =IFERROR(VLOOKUP(EV49,$ET$3:$EU$163,2,FALSE),"") -> 0.017898862
X50: MAC-0047 | Y50: 518 | BD50: 253 | BE50: 0.031690406 | BG50: =IF(OR(BD50="",BD50="Grand Total",BD50="(blank)"),"",BD50) -> 253 | BH50: =IFERROR(VLOOKUP(BG50,$BD$3:$BE$552,2,FALSE),"") -> 0.031690406 | BM50: 33 | BN50: MAC-0862 | BP50: MAC-0047 | BQ50: 518 | BR50: =IF(OR(BP50="",BP50="Genel Toplam",BP50="(blank)"),"",BP50) -> MAC-0047 | BS50: =IFERROR(VLOOKUP(BR50,$BP$3:$BQ$1004,2,FALSE),"") -> 518 | CH50: 4479 | CI50: 13.915858 | CJ50: =IF(OR(CH50="",CH50="Grand Total",CH50="(blank)"),"",CH50) -> 4479 | CK50: =IFERROR(VLOOKUP(CJ50,$CH$3:$CI$983,2,FALSE),"") -> 13.915858 | CM50: 47 | CN50: 46.156958 | CO50: =IF(OR(CM50="",CM50="Grand Total",CM50="(blank)"),"",CM50) -> 47 | CP50: =IFERROR(VLOOKUP(CO50,$CM$3:$CN$983,2,FALSE),"") -> 46.156958 | DR50: MAC-0047 | DS50: 3164 | DT50: 19099461 | DU50: =IF(OR(DR50="",DR50="Genel Toplam",DR50="(blank)"),"",DR50) -> MAC-0047 | DV50: =IFERROR(VLOOKUP(DU50,$DR$3:$DT$1004,2,FALSE),"") -> 3164 | DW50: =IFERROR(VLOOKUP(DU50,$DR$3:$DT$1004,3,FALSE),"") -> 19099461 | EL50: MAC-0047 | EM50: 537 | EN50: 2152 | ET50: 61 | EU50: 0.015317658 | EV50: =IF(OR(ET50="",ET50="Genel Toplam",ET50="(blank)"),"",ET50) -> 61 | EW50: =IFERROR(VLOOKUP(EV50,$ET$3:$EU$163,2,FALSE),"") -> 0.015317658
X51: MAC-0048 | Y51: 212 | BD51: 254 | BE51: 0.030258497 | BG51: =IF(OR(BD51="",BD51="Grand Total",BD51="(blank)"),"",BD51) -> 254 | BH51: =IFERROR(VLOOKUP(BG51,$BD$3:$BE$552,2,FALSE),"") -> 0.030258497 | BM51: 34 | BN51: MAC-0053 | BP51: MAC-0048 | BQ51: 212 | BR51: =IF(OR(BP51="",BP51="Genel Toplam",BP51="(blank)"),"",BP51) -> MAC-0048 | BS51: =IFERROR(VLOOKUP(BR51,$BP$3:$BQ$1004,2,FALSE),"") -> 212 | CH51: 4669 | CI51: 25.242718 | CJ51: =IF(OR(CH51="",CH51="Grand Total",CH51="(blank)"),"",CH51) -> 4669 | CK51: =IFERROR(VLOOKUP(CJ51,$CH$3:$CI$983,2,FALSE),"") -> 25.242718 | CM51: 48 | CN51: 36.610032 | CO51: =IF(OR(CM51="",CM51="Grand Total",CM51="(blank)"),"",CM51) -> 48 | CP51: =IFERROR(VLOOKUP(CO51,$CM$3:$CN$983,2,FALSE),"") -> 36.610032 | DR51: MAC-0048 | DS51: 672 | DT51: 3395637 | DU51: =IF(OR(DR51="",DR51="Genel Toplam",DR51="(blank)"),"",DR51) -> MAC-0048 | DV51: =IFERROR(VLOOKUP(DU51,$DR$3:$DT$1004,2,FALSE),"") -> 672 | DW51: =IFERROR(VLOOKUP(DU51,$DR$3:$DT$1004,3,FALSE),"") -> 3395637 | EL51: MAC-0048 | EM51: 605 | EN51: 8022 | ET51: 62 | EU51: 0.019240914 | EV51: =IF(OR(ET51="",ET51="Genel Toplam",ET51="(blank)"),"",ET51) -> 62 | EW51: =IFERROR(VLOOKUP(EV51,$ET$3:$EU$163,2,FALSE),"") -> 0.019240914
X52: MAC-0049 | Y52: 122 | BD52: 262 | BE52: 0.06063004 | BG52: =IF(OR(BD52="",BD52="Grand Total",BD52="(blank)"),"",BD52) -> 262 | BH52: =IFERROR(VLOOKUP(BG52,$BD$3:$BE$552,2,FALSE),"") -> 0.06063004 | BM52: 35 | BN52: MAC-0200 | BP52: MAC-0049 | BQ52: 122 | BR52: =IF(OR(BP52="",BP52="Genel Toplam",BP52="(blank)"),"",BP52) -> MAC-0049 | BS52: =IFERROR(VLOOKUP(BR52,$BP$3:$BQ$1004,2,FALSE),"") -> 122 | CH52: 4806 | CI52: 1.618123 | CJ52: =IF(OR(CH52="",CH52="Grand Total",CH52="(blank)"),"",CH52) -> 4806 | CK52: =IFERROR(VLOOKUP(CJ52,$CH$3:$CI$983,2,FALSE),"") -> 1.618123 | CM52: 49 | CN52: 40.15887 | CO52: =IF(OR(CM52="",CM52="Grand Total",CM52="(blank)"),"",CM52) -> 49 | CP52: =IFERROR(VLOOKUP(CO52,$CM$3:$CN$983,2,FALSE),"") -> 40.15887 | DR52: MAC-0049 | DS52: 11620 | DT52: 35471833 | DU52: =IF(OR(DR52="",DR52="Genel Toplam",DR52="(blank)"),"",DR52) -> MAC-0049 | DV52: =IFERROR(VLOOKUP(DU52,$DR$3:$DT$1004,2,FALSE),"") -> 11620 | DW52: =IFERROR(VLOOKUP(DU52,$DR$3:$DT$1004,3,FALSE),"") -> 35471833 | EL52: MAC-0049 | EM52: 419 | EN52: 353 | ET52: 63 | EU52: 0.016456187 | EV52: =IF(OR(ET52="",ET52="Genel Toplam",ET52="(blank)"),"",ET52) -> 63 | EW52: =IFERROR(VLOOKUP(EV52,$ET$3:$EU$163,2,FALSE),"") -> 0.016456187
X53: MAC-0050 | Y53: 249 | BD53: 264 | BE53: 0.06187354 | BG53: =IF(OR(BD53="",BD53="Grand Total",BD53="(blank)"),"",BD53) -> 264 | BH53: =IFERROR(VLOOKUP(BG53,$BD$3:$BE$552,2,FALSE),"") -> 0.06187354 | BM53: 35 | BN53: MAC-0371 | BP53: MAC-0050 | BQ53: 249 | BR53: =IF(OR(BP53="",BP53="Genel Toplam",BP53="(blank)"),"",BP53) -> MAC-0050 | BS53: =IFERROR(VLOOKUP(BR53,$BP$3:$BQ$1004,2,FALSE),"") -> 249 | CH53: 4811 | CI53: 9.7087379 | CJ53: =IF(OR(CH53="",CH53="Grand Total",CH53="(blank)"),"",CH53) -> 4811 | CK53: =IFERROR(VLOOKUP(CJ53,$CH$3:$CI$983,2,FALSE),"") -> 9.7087379 | CM53: 50 | CN53: 32.750809 | CO53: =IF(OR(CM53="",CM53="Grand Total",CM53="(blank)"),"",CM53) -> 50 | CP53: =IFERROR(VLOOKUP(CO53,$CM$3:$CN$983,2,FALSE),"") -> 32.750809 | DR53: MAC-0050 | DS53: 3853 | DT53: 13539974 | DU53: =IF(OR(DR53="",DR53="Genel Toplam",DR53="(blank)"),"",DR53) -> MAC-0050 | DV53: =IFERROR(VLOOKUP(DU53,$DR$3:$DT$1004,2,FALSE),"") -> 3853 | DW53: =IFERROR(VLOOKUP(DU53,$DR$3:$DT$1004,3,FALSE),"") -> 13539974 | EL53: MAC-0050 | EM53: 415 | EN53: 194 | ET53: 64 | EU53: 0.016489119 | EV53: =IF(OR(ET53="",ET53="Genel Toplam",ET53="(blank)"),"",ET53) -> 64 | EW53: =IFERROR(VLOOKUP(EV53,$ET$3:$EU$163,2,FALSE),"") -> 0.016489119
X54: MAC-0051 | Y54: 202 | BD54: 265 | BE54: 0.030672997 | BG54: =IF(OR(BD54="",BD54="Grand Total",BD54="(blank)"),"",BD54) -> 265 | BH54: =IFERROR(VLOOKUP(BG54,$BD$3:$BE$552,2,FALSE),"") -> 0.030672997 | BM54: 35 | BN54: MAC-0395 | BP54: MAC-0051 | BQ54: 202 | BR54: =IF(OR(BP54="",BP54="Genel Toplam",BP54="(blank)"),"",BP54) -> MAC-0051 | BS54: =IFERROR(VLOOKUP(BR54,$BP$3:$BQ$1004,2,FALSE),"") -> 202 | CH54: 4813 | CI54: 13.592233 | CJ54: =IF(OR(CH54="",CH54="Grand Total",CH54="(blank)"),"",CH54) -> 4813 | CK54: =IFERROR(VLOOKUP(CJ54,$CH$3:$CI$983,2,FALSE),"") -> 13.592233 | CM54: 51 | CN54: 44.660194 | CO54: =IF(OR(CM54="",CM54="Grand Total",CM54="(blank)"),"",CM54) -> 51 | CP54: =IFERROR(VLOOKUP(CO54,$CM$3:$CN$983,2,FALSE),"") -> 44.660194 | DR54: MAC-0051 | DS54: 1950 | DT54: 10675427 | DU54: =IF(OR(DR54="",DR54="Genel Toplam",DR54="(blank)"),"",DR54) -> MAC-0051 | DV54: =IFERROR(VLOOKUP(DU54,$DR$3:$DT$1004,2,FALSE),"") -> 1950 | DW54: =IFERROR(VLOOKUP(DU54,$DR$3:$DT$1004,3,FALSE),"") -> 10675427 | EL54: MAC-0051 | EM54: 536 | EN54: 1583 | ET54: 65 | EU54: 0.020367021 | EV54: =IF(OR(ET54="",ET54="Genel Toplam",ET54="(blank)"),"",ET54) -> 65 | EW54: =IFERROR(VLOOKUP(EV54,$ET$3:$EU$163,2,FALSE),"") -> 0.020367021
X55: MAC-0052 | Y55: 260 | BD55: 266 | BE55: 0.031841133 | BG55: =IF(OR(BD55="",BD55="Grand Total",BD55="(blank)"),"",BD55) -> 266 | BH55: =IFERROR(VLOOKUP(BG55,$BD$3:$BE$552,2,FALSE),"") -> 0.031841133 | BM55: 35 | BN55: MAC-0799 | BP55: MAC-0052 | BQ55: 260 | BR55: =IF(OR(BP55="",BP55="Genel Toplam",BP55="(blank)"),"",BP55) -> MAC-0052 | BS55: =IFERROR(VLOOKUP(BR55,$BP$3:$BQ$1004,2,FALSE),"") -> 260 | CH55: 4835 | CI55: 4.8543689 | CJ55: =IF(OR(CH55="",CH55="Grand Total",CH55="(blank)"),"",CH55) -> 4835 | CK55: =IFERROR(VLOOKUP(CJ55,$CH$3:$CI$983,2,FALSE),"") -> 4.8543689 | CM55: 52 | CN55: 41.868932 | CO55: =IF(OR(CM55="",CM55="Grand Total",CM55="(blank)"),"",CM55) -> 52 | CP55: =IFERROR(VLOOKUP(CO55,$CM$3:$CN$983,2,FALSE),"") -> 41.868932 | DR55: MAC-0052 | DS55: 51076 | DT55: 53107219 | DU55: =IF(OR(DR55="",DR55="Genel Toplam",DR55="(blank)"),"",DR55) -> MAC-0052 | DV55: =IFERROR(VLOOKUP(DU55,$DR$3:$DT$1004,2,FALSE),"") -> 51076 | DW55: =IFERROR(VLOOKUP(DU55,$DR$3:$DT$1004,3,FALSE),"") -> 53107219 | EL55: MAC-0052 | EM55: 410 | EN55: 200 | ET55: 66 | EU55: 0.014765888 | EV55: =IF(OR(ET55="",ET55="Genel Toplam",ET55="(blank)"),"",ET55) -> 66 | EW55: =IFERROR(VLOOKUP(EV55,$ET$3:$EU$163,2,FALSE),"") -> 0.014765888
X56: MAC-0053 | Y56: 34 | BD56: 267 | BE56: 0.060441631 | BG56: =IF(OR(BD56="",BD56="Grand Total",BD56="(blank)"),"",BD56) -> 267 | BH56: =IFERROR(VLOOKUP(BG56,$BD$3:$BE$552,2,FALSE),"") -> 0.060441631 | BM56: 36 | BN56: MAC-0168 | BP56: MAC-0053 | BQ56: 34 | BR56: =IF(OR(BP56="",BP56="Genel Toplam",BP56="(blank)"),"",BP56) -> MAC-0053 | BS56: =IFERROR(VLOOKUP(BR56,$BP$3:$BQ$1004,2,FALSE),"") -> 34 | CH56: 4867 | CI56: 26.860841 | CJ56: =IF(OR(CH56="",CH56="Grand Total",CH56="(blank)"),"",CH56) -> 4867 | CK56: =IFERROR(VLOOKUP(CJ56,$CH$3:$CI$983,2,FALSE),"") -> 26.860841 | CM56: 53 | CN56: 40.938511 | CO56: =IF(OR(CM56="",CM56="Grand Total",CM56="(blank)"),"",CM56) -> 53 | CP56: =IFERROR(VLOOKUP(CO56,$CM$3:$CN$983,2,FALSE),"") -> 40.938511 | DR56: MAC-0053 | DS56: 4091 | DT56: 1278101 | DU56: =IF(OR(DR56="",DR56="Genel Toplam",DR56="(blank)"),"",DR56) -> MAC-0053 | DV56: =IFERROR(VLOOKUP(DU56,$DR$3:$DT$1004,2,FALSE),"") -> 4091 | DW56: =IFERROR(VLOOKUP(DU56,$DR$3:$DT$1004,3,FALSE),"") -> 1278101 | EL56: MAC-0053 | EM56: 713 | EN56: 2816 | ET56: 67 | EU56: 0.018347904 | EV56: =IF(OR(ET56="",ET56="Genel Toplam",ET56="(blank)"),"",ET56) -> 67 | EW56: =IFERROR(VLOOKUP(EV56,$ET$3:$EU$163,2,FALSE),"") -> 0.018347904
X57: MAC-0054 | Y57: 29 | BD57: 268 | BE57: 0.030484588 | BG57: =IF(OR(BD57="",BD57="Grand Total",BD57="(blank)"),"",BD57) -> 268 | BH57: =IFERROR(VLOOKUP(BG57,$BD$3:$BE$552,2,FALSE),"") -> 0.030484588 | BM57: 36 | BN57: MAC-0306 | BP57: MAC-0054 | BQ57: 29 | BR57: =IF(OR(BP57="",BP57="Genel Toplam",BP57="(blank)"),"",BP57) -> MAC-0054 | BS57: =IFERROR(VLOOKUP(BR57,$BP$3:$BQ$1004,2,FALSE),"") -> 29 | CH57: 4869 | CI57: 1.9417476 | CJ57: =IF(OR(CH57="",CH57="Grand Total",CH57="(blank)"),"",CH57) -> 4869 | CK57: =IFERROR(VLOOKUP(CJ57,$CH$3:$CI$983,2,FALSE),"") -> 1.9417476 | CM57: 54 | CN57: 34.466019 | CO57: =IF(OR(CM57="",CM57="Grand Total",CM57="(blank)"),"",CM57) -> 54 | CP57: =IFERROR(VLOOKUP(CO57,$CM$3:$CN$983,2,FALSE),"") -> 34.466019 | DR57: MAC-0054 | DS57: 473 | DT57: 1824915 | DU57: =IF(OR(DR57="",DR57="Genel Toplam",DR57="(blank)"),"",DR57) -> MAC-0054 | DV57: =IFERROR(VLOOKUP(DU57,$DR$3:$DT$1004,2,FALSE),"") -> 473 | DW57: =IFERROR(VLOOKUP(DU57,$DR$3:$DT$1004,3,FALSE),"") -> 1824915 | EL57: MAC-0054 | EM57: 730 | EN57: 12472 | ET57: 68 | EU57: 0.017436632 | EV57: =IF(OR(ET57="",ET57="Genel Toplam",ET57="(blank)"),"",ET57) -> 68 | EW57: =IFERROR(VLOOKUP(EV57,$ET$3:$EU$163,2,FALSE),"") -> 0.017436632
X58: MAC-0055 | Y58: 98 | BD58: 269 | BE58: 0.030333861 | BG58: =IF(OR(BD58="",BD58="Grand Total",BD58="(blank)"),"",BD58) -> 269 | BH58: =IFERROR(VLOOKUP(BG58,$BD$3:$BE$552,2,FALSE),"") -> 0.030333861 | BM58: 36 | BN58: MAC-0550 | BP58: MAC-0055 | BQ58: 98 | BR58: =IF(OR(BP58="",BP58="Genel Toplam",BP58="(blank)"),"",BP58) -> MAC-0055 | BS58: =IFERROR(VLOOKUP(BR58,$BP$3:$BQ$1004,2,FALSE),"") -> 98 | CH58: 4876 | CI58: 18.446602 | CJ58: =IF(OR(CH58="",CH58="Grand Total",CH58="(blank)"),"",CH58) -> 4876 | CK58: =IFERROR(VLOOKUP(CJ58,$CH$3:$CI$983,2,FALSE),"") -> 18.446602 | CM58: 55 | CN58: 29.773463 | CO58: =IF(OR(CM58="",CM58="Grand Total",CM58="(blank)"),"",CM58) -> 55 | CP58: =IFERROR(VLOOKUP(CO58,$CM$3:$CN$983,2,FALSE),"") -> 29.773463 | DR58: MAC-0055 | DS58: 4600 | DT58: 14715827 | DU58: =IF(OR(DR58="",DR58="Genel Toplam",DR58="(blank)"),"",DR58) -> MAC-0055 | DV58: =IFERROR(VLOOKUP(DU58,$DR$3:$DT$1004,2,FALSE),"") -> 4600 | DW58: =IFERROR(VLOOKUP(DU58,$DR$3:$DT$1004,3,FALSE),"") -> 14715827 | EL58: MAC-0055 | EM58: 614 | EN58: 5313 | ET58: 69 | EU58: 0.017094983 | EV58: =IF(OR(ET58="",ET58="Genel Toplam",ET58="(blank)"),"",ET58) -> 69 | EW58: =IFERROR(VLOOKUP(EV58,$ET$3:$EU$163,2,FALSE),"") -> 0.017094983
X59: MAC-0056 | Y59: 89 | BD59: 272 | BE59: 0.029843997 | BG59: =IF(OR(BD59="",BD59="Grand Total",BD59="(blank)"),"",BD59) -> 272 | BH59: =IFERROR(VLOOKUP(BG59,$BD$3:$BE$552,2,FALSE),"") -> 0.029843997 | BM59: 36 | BN59: MAC-0951 | BP59: MAC-0056 | BQ59: 89 | BR59: =IF(OR(BP59="",BP59="Genel Toplam",BP59="(blank)"),"",BP59) -> MAC-0056 | BS59: =IFERROR(VLOOKUP(BR59,$BP$3:$BQ$1004,2,FALSE),"") -> 89 | CH59: 4904 | CI59: 32.038835 | CJ59: =IF(OR(CH59="",CH59="Grand Total",CH59="(blank)"),"",CH59) -> 4904 | CK59: =IFERROR(VLOOKUP(CJ59,$CH$3:$CI$983,2,FALSE),"") -> 32.038835 | CM59: 56 | CN59: 42.071197 | CO59: =IF(OR(CM59="",CM59="Grand Total",CM59="(blank)"),"",CM59) -> 56 | CP59: =IFERROR(VLOOKUP(CO59,$CM$3:$CN$983,2,FALSE),"") -> 42.071197 | DR59: MAC-0056 | DS59: 447 | DT59: 1768385 | DU59: =IF(OR(DR59="",DR59="Genel Toplam",DR59="(blank)"),"",DR59) -> MAC-0056 | DV59: =IFERROR(VLOOKUP(DU59,$DR$3:$DT$1004,2,FALSE),"") -> 447 | DW59: =IFERROR(VLOOKUP(DU59,$DR$3:$DT$1004,3,FALSE),"") -> 1768385 | EL59: MAC-0056 | EM59: 569 | EN59: 5958 | ET59: 70 | EU59: 0.018730876 | EV59: =IF(OR(ET59="",ET59="Genel Toplam",ET59="(blank)"),"",ET59) -> 70 | EW59: =IFERROR(VLOOKUP(EV59,$ET$3:$EU$163,2,FALSE),"") -> 0.018730876
X60: MAC-0057 | Y60: 179 | BD60: 274 | BE60: 0.056786495 | BG60: =IF(OR(BD60="",BD60="Grand Total",BD60="(blank)"),"",BD60) -> 274 | BH60: =IFERROR(VLOOKUP(BG60,$BD$3:$BE$552,2,FALSE),"") -> 0.056786495 | BM60: 37 | BN60: MAC-0206 | BP60: MAC-0057 | BQ60: 179 | BR60: =IF(OR(BP60="",BP60="Genel Toplam",BP60="(blank)"),"",BP60) -> MAC-0057 | BS60: =IFERROR(VLOOKUP(BR60,$BP$3:$BQ$1004,2,FALSE),"") -> 179 | CH60: 4914 | CI60: 2.5889968 | CJ60: =IF(OR(CH60="",CH60="Grand Total",CH60="(blank)"),"",CH60) -> 4914 | CK60: =IFERROR(VLOOKUP(CJ60,$CH$3:$CI$983,2,FALSE),"") -> 2.5889968 | CM60: 57 | CN60: 39.644013 | CO60: =IF(OR(CM60="",CM60="Grand Total",CM60="(blank)"),"",CM60) -> 57 | CP60: =IFERROR(VLOOKUP(CO60,$CM$3:$CN$983,2,FALSE),"") -> 39.644013 | DR60: MAC-0057 | DS60: 1986 | DT60: 7471901 | DU60: =IF(OR(DR60="",DR60="Genel Toplam",DR60="(blank)"),"",DR60) -> MAC-0057 | DV60: =IFERROR(VLOOKUP(DU60,$DR$3:$DT$1004,2,FALSE),"") -> 1986 | DW60: =IFERROR(VLOOKUP(DU60,$DR$3:$DT$1004,3,FALSE),"") -> 7471901 | EL60: MAC-0057 | EM60: 565 | EN60: 5605 | ET60: 71 | EU60: 0.019644786 | EV60: =IF(OR(ET60="",ET60="Genel Toplam",ET60="(blank)"),"",ET60) -> 71 | EW60: =IFERROR(VLOOKUP(EV60,$ET$3:$EU$163,2,FALSE),"") -> 0.019644786
... X162: MAC-0159 | Y162: 268 | BD162: 421 | BE162: 0.04755445 | BG162: =IF(OR(BD162="",BD162="Grand Total",BD162="(blank)"),"",BD162) -> 421 | BH162: =IFERROR(VLOOKUP(BG162,$BD$3:$BE$552,2,FALSE),"") -> 0.04755445 | BM162: 71 | BN162: MAC-0942 | BP162: MAC-0159 | BQ162: 268 | BR162: =IF(OR(BP162="",BP162="Genel Toplam",BP162="(blank)"),"",BP162) -> MAC-0159 | BS162: =IFERROR(VLOOKUP(BR162,$BP$3:$BQ$1004,2,FALSE),"") -> 268 | CH162: 13170 | CI162: 18.122977 | CJ162: =IF(OR(CH162="",CH162="Grand Total",CH162="(blank)"),"",CH162) -> 13170 | CK162: =IFERROR(VLOOKUP(CJ162,$CH$3:$CI$983,2,FALSE),"") -> 18.122977 | CM162: 166 | CN162: 83.656958 | CO162: =IF(OR(CM162="",CM162="Grand Total",CM162="(blank)"),"",CM162) -> 166 | CP162: =IFERROR(VLOOKUP(CO162,$CM$3:$CN$983,2,FALSE),"") -> 83.656958 | DR162: MAC-0159 | DS162: 612 | DT162: 3690184 | DU162: =IF(OR(DR162="",DR162="Genel Toplam",DR162="(blank)"),"",DR162) -> MAC-0159 | DV162: =IFERROR(VLOOKUP(DU162,$DR$3:$DT$1004,2,FALSE),"") -> 612 | DW162: =IFERROR(VLOOKUP(DU162,$DR$3:$DT$1004,3,FALSE),"") -> 3690184 | EL162: MAC-0159 | EM162: 614 | EN162: 10779 | ET162: 179 | EU162: 0.026678725 | EV162: =IF(OR(ET162="",ET162="Genel Toplam",ET162="(blank)"),"",ET162) -> 179 | EW162: =IFERROR(VLOOKUP(EV162,$ET$3:$EU$163,2,FALSE),"") -> 0.026678725
X163: MAC-0160 | Y163: 71 | BD163: 423 | BE163: 0.04921245 | BG163: =IF(OR(BD163="",BD163="Grand Total",BD163="(blank)"),"",BD163) -> 423 | BH163: =IFERROR(VLOOKUP(BG163,$BD$3:$BE$552,2,FALSE),"") -> 0.04921245 | BM163: 72 | BN163: MAC-0525 | BP163: MAC-0160 | BQ163: 71 | BR163: =IF(OR(BP163="",BP163="Genel Toplam",BP163="(blank)"),"",BP163) -> MAC-0160 | BS163: =IFERROR(VLOOKUP(BR163,$BP$3:$BQ$1004,2,FALSE),"") -> 71 | CH163: 13484 | CI163: 38.834951 | CJ163: =IF(OR(CH163="",CH163="Grand Total",CH163="(blank)"),"",CH163) -> 13484 | CK163: =IFERROR(VLOOKUP(CJ163,$CH$3:$CI$983,2,FALSE),"") -> 38.834951 | CM163: 168 | CN163: 69.579288 | CO163: =IF(OR(CM163="",CM163="Grand Total",CM163="(blank)"),"",CM163) -> 168 | CP163: =IFERROR(VLOOKUP(CO163,$CM$3:$CN$983,2,FALSE),"") -> 69.579288 | DR163: MAC-0160 | DS163: 3735 | DT163: 19049772 | DU163: =IF(OR(DR163="",DR163="Genel Toplam",DR163="(blank)"),"",DR163) -> MAC-0160 | DV163: =IFERROR(VLOOKUP(DU163,$DR$3:$DT$1004,2,FALSE),"") -> 3735 | DW163: =IFERROR(VLOOKUP(DU163,$DR$3:$DT$1004,3,FALSE),"") -> 19049772 | EL163: MAC-0160 | EM163: 383 | EN163: 1351 | ET163: Genel Toplam | EU163: 0.018324214
X164: MAC-0161 | Y164: 64 | BD164: 424 | BE164: 0.045519632 | BG164: =IF(OR(BD164="",BD164="Grand Total",BD164="(blank)"),"",BD164) -> 424 | BH164: =IFERROR(VLOOKUP(BG164,$BD$3:$BE$552,2,FALSE),"") -> 0.045519632 | BM164: 72 | BN164: MAC-0542 | BP164: MAC-0161 | BQ164: 64 | BR164: =IF(OR(BP164="",BP164="Genel Toplam",BP164="(blank)"),"",BP164) -> MAC-0161 | BS164: =IFERROR(VLOOKUP(BR164,$BP$3:$BQ$1004,2,FALSE),"") -> 64 | CH164: 13644 | CI164: 8.0906149 | CJ164: =IF(OR(CH164="",CH164="Grand Total",CH164="(blank)"),"",CH164) -> 13644 | CK164: =IFERROR(VLOOKUP(CJ164,$CH$3:$CI$983,2,FALSE),"") -> 8.0906149 | CM164: 169 | CN164: 76.05178 | CO164: =IF(OR(CM164="",CM164="Grand Total",CM164="(blank)"),"",CM164) -> 169 | CP164: =IFERROR(VLOOKUP(CO164,$CM$3:$CN$983,2,FALSE),"") -> 76.05178 | DR164: MAC-0161 | DS164: 43493 | DT164: 130854681 | DU164: =IF(OR(DR164="",DR164="Genel Toplam",DR164="(blank)"),"",DR164) -> MAC-0161 | DV164: =IFERROR(VLOOKUP(DU164,$DR$3:$DT$1004,2,FALSE),"") -> 43493 | DW164: =IFERROR(VLOOKUP(DU164,$DR$3:$DT$1004,3,FALSE),"") -> 130854681 | EL164: MAC-0161 | EM164: 424 | EN164: 436
X165: MAC-0162 | Y165: 151 | BD165: 425 | BE165: 0.021290225 | BG165: =IF(OR(BD165="",BD165="Grand Total",BD165="(blank)"),"",BD165) -> 425 | BH165: =IFERROR(VLOOKUP(BG165,$BD$3:$BE$552,2,FALSE),"") -> 0.021290225 | BM165: 73 | BN165: MAC-0320 | BP165: MAC-0162 | BQ165: 151 | BR165: =IF(OR(BP165="",BP165="Genel Toplam",BP165="(blank)"),"",BP165) -> MAC-0162 | BS165: =IFERROR(VLOOKUP(BR165,$BP$3:$BQ$1004,2,FALSE),"") -> 151 | CH165: 13773 | CI165: 26.213592 | CJ165: =IF(OR(CH165="",CH165="Grand Total",CH165="(blank)"),"",CH165) -> 13773 | CK165: =IFERROR(VLOOKUP(CJ165,$CH$3:$CI$983,2,FALSE),"") -> 26.213592 | CM165: 170 | CN165: 56.634304 | CO165: =IF(OR(CM165="",CM165="Grand Total",CM165="(blank)"),"",CM165) -> 170 | CP165: =IFERROR(VLOOKUP(CO165,$CM$3:$CN$983,2,FALSE),"") -> 56.634304 | DR165: MAC-0162 | DS165: 7078 | DT165: 22554473 | DU165: =IF(OR(DR165="",DR165="Genel Toplam",DR165="(blank)"),"",DR165) -> MAC-0162 | DV165: =IFERROR(VLOOKUP(DU165,$DR$3:$DT$1004,2,FALSE),"") -> 7078 | DW165: =IFERROR(VLOOKUP(DU165,$DR$3:$DT$1004,3,FALSE),"") -> 22554473 | EL165: MAC-0162 | EM165: 542 | EN165: 795
X166: MAC-0163 | Y166: 38 | BD166: 426 | BE166: 0.048308087 | BG166: =IF(OR(BD166="",BD166="Grand Total",BD166="(blank)"),"",BD166) -> 426 | BH166: =IFERROR(VLOOKUP(BG166,$BD$3:$BE$552,2,FALSE),"") -> 0.048308087 | BM166: 73 | BN166: MAC-0379 | BP166: MAC-0163 | BQ166: 38 | BR166: =IF(OR(BP166="",BP166="Genel Toplam",BP166="(blank)"),"",BP166) -> MAC-0163 | BS166: =IFERROR(VLOOKUP(BR166,$BP$3:$BQ$1004,2,FALSE),"") -> 38 | CH166: 13791 | CI166: 33.333333 | CJ166: =IF(OR(CH166="",CH166="Grand Total",CH166="(blank)"),"",CH166) -> 13791 | CK166: =IFERROR(VLOOKUP(CJ166,$CH$3:$CI$983,2,FALSE),"") -> 33.333333 | CM166: 172 | CN166: 63.538296 | CO166: =IF(OR(CM166="",CM166="Grand Total",CM166="(blank)"),"",CM166) -> 172 | CP166: =IFERROR(VLOOKUP(CO166,$CM$3:$CN$983,2,FALSE),"") -> 63.538296 | DR166: MAC-0163 | DS166: 1131 | DT166: 4207996 | DU166: =IF(OR(DR166="",DR166="Genel Toplam",DR166="(blank)"),"",DR166) -> MAC-0163 | DV166: =IFERROR(VLOOKUP(DU166,$DR$3:$DT$1004,2,FALSE),"") -> 1131 | DW166: =IFERROR(VLOOKUP(DU166,$DR$3:$DT$1004,3,FALSE),"") -> 4207996 | EL166: MAC-0163 | EM166: 846 | EN166: 4066
X167: MAC-0164 | Y167: 68 | BD167: 427 | BE167: 0.022684452 | BG167: =IF(OR(BD167="",BD167="Grand Total",BD167="(blank)"),"",BD167) -> 427 | BH167: =IFERROR(VLOOKUP(BG167,$BD$3:$BE$552,2,FALSE),"") -> 0.022684452 | BM167: 74 | BN167: MAC-0596 | BP167: MAC-0164 | BQ167: 68 | BR167: =IF(OR(BP167="",BP167="Genel Toplam",BP167="(blank)"),"",BP167) -> MAC-0164 | BS167: =IFERROR(VLOOKUP(BR167,$BP$3:$BQ$1004,2,FALSE),"") -> 68 | CH167: 13878 | CI167: 19.093851 | CJ167: =IF(OR(CH167="",CH167="Grand Total",CH167="(blank)"),"",CH167) -> 13878 | CK167: =IFERROR(VLOOKUP(CJ167,$CH$3:$CI$983,2,FALSE),"") -> 19.093851 | CM167: 173 | CN167: 67.152104 | CO167: =IF(OR(CM167="",CM167="Grand Total",CM167="(blank)"),"",CM167) -> 173 | CP167: =IFERROR(VLOOKUP(CO167,$CM$3:$CN$983,2,FALSE),"") -> 67.152104 | DR167: MAC-0164 | DS167: 1400 | DT167: 5068583 | DU167: =IF(OR(DR167="",DR167="Genel Toplam",DR167="(blank)"),"",DR167) -> MAC-0164 | DV167: =IFERROR(VLOOKUP(DU167,$DR$3:$DT$1004,2,FALSE),"") -> 1400 | DW167: =IFERROR(VLOOKUP(DU167,$DR$3:$DT$1004,3,FALSE),"") -> 5068583 | EL167: MAC-0164 | EM167: 708 | EN167: 6481
X168: MAC-0165 | Y168: 49 | BD168: 428 | BE168: 0.023513452 | BG168: =IF(OR(BD168="",BD168="Grand Total",BD168="(blank)"),"",BD168) -> 428 | BH168: =IFERROR(VLOOKUP(BG168,$BD$3:$BE$552,2,FALSE),"") -> 0.023513452 | BM168: 75 | BN168: MAC-0241 | BP168: MAC-0165 | BQ168: 49 | BR168: =IF(OR(BP168="",BP168="Genel Toplam",BP168="(blank)"),"",BP168) -> MAC-0165 | BS168: =IFERROR(VLOOKUP(BR168,$BP$3:$BQ$1004,2,FALSE),"") -> 49 | CH168: 13902 | CI168: 33.656958 | CJ168: =IF(OR(CH168="",CH168="Grand Total",CH168="(blank)"),"",CH168) -> 13902 | CK168: =IFERROR(VLOOKUP(CJ168,$CH$3:$CI$983,2,FALSE),"") -> 33.656958 | CM168: 176 | CN168: 44.33657 | CO168: =IF(OR(CM168="",CM168="Grand Total",CM168="(blank)"),"",CM168) -> 176 | CP168: =IFERROR(VLOOKUP(CO168,$CM$3:$CN$983,2,FALSE),"") -> 44.33657 | DR168: MAC-0165 | DS168: 3784 | DT168: 4134925 | DU168: =IF(OR(DR168="",DR168="Genel Toplam",DR168="(blank)"),"",DR168) -> MAC-0165 | DV168: =IFERROR(VLOOKUP(DU168,$DR$3:$DT$1004,2,FALSE),"") -> 3784 | DW168: =IFERROR(VLOOKUP(DU168,$DR$3:$DT$1004,3,FALSE),"") -> 4134925 | EL168: MAC-0165 | EM168: 573 | EN168: 4978
X169: MAC-0166 | Y169: 236 | BD169: 429 | BE169: 0.096126309 | BG169: =IF(OR(BD169="",BD169="Grand Total",BD169="(blank)"),"",BD169) -> 429 | BH169: =IFERROR(VLOOKUP(BG169,$BD$3:$BE$552,2,FALSE),"") -> 0.096126309 | BM169: 75 | BN169: MAC-0765 | BP169: MAC-0166 | BQ169: 236 | BR169: =IF(OR(BP169="",BP169="Genel Toplam",BP169="(blank)"),"",BP169) -> MAC-0166 | BS169: =IFERROR(VLOOKUP(BR169,$BP$3:$BQ$1004,2,FALSE),"") -> 236 | CH169: 13965 | CI169: 11.003236 | CJ169: =IF(OR(CH169="",CH169="Grand Total",CH169="(blank)"),"",CH169) -> 13965 | CK169: =IFERROR(VLOOKUP(CJ169,$CH$3:$CI$983,2,FALSE),"") -> 11.003236 | CM169: 177 | CN169: 40.291262 | CO169: =IF(OR(CM169="",CM169="Grand Total",CM169="(blank)"),"",CM169) -> 177 | CP169: =IFERROR(VLOOKUP(CO169,$CM$3:$CN$983,2,FALSE),"") -> 40.291262 | DR169: MAC-0166 | DS169: 12621 | DT169: 39555239 | DU169: =IF(OR(DR169="",DR169="Genel Toplam",DR169="(blank)"),"",DR169) -> MAC-0166 | DV169: =IFERROR(VLOOKUP(DU169,$DR$3:$DT$1004,2,FALSE),"") -> 12621 | DW169: =IFERROR(VLOOKUP(DU169,$DR$3:$DT$1004,3,FALSE),"") -> 39555239 | EL169: MAC-0166 | EM169: 460 | EN169: 113
X170: MAC-0167 | Y170: 193 | BD170: 430 | BE170: 0.097558218 | BG170: =IF(OR(BD170="",BD170="Grand Total",BD170="(blank)"),"",BD170) -> 430 | BH170: =IFERROR(VLOOKUP(BG170,$BD$3:$BE$552,2,FALSE),"") -> 0.097558218 | BM170: 75 | BN170: MAC-0924 | BP170: MAC-0167 | BQ170: 193 | BR170: =IF(OR(BP170="",BP170="Genel Toplam",BP170="(blank)"),"",BP170) -> MAC-0167 | BS170: =IFERROR(VLOOKUP(BR170,$BP$3:$BQ$1004,2,FALSE),"") -> 193 | CH170: 14013 | CI170: 5.8252427 | CJ170: =IF(OR(CH170="",CH170="Grand Total",CH170="(blank)"),"",CH170) -> 14013 | CK170: =IFERROR(VLOOKUP(CJ170,$CH$3:$CI$983,2,FALSE),"") -> 5.8252427 | CM170: 178 | CN170: 70.873786 | CO170: =IF(OR(CM170="",CM170="Grand Total",CM170="(blank)"),"",CM170) -> 178 | CP170: =IFERROR(VLOOKUP(CO170,$CM$3:$CN$983,2,FALSE),"") -> 70.873786 | DR170: MAC-0167 | DS170: 773 | DT170: 3398352 | DU170: =IF(OR(DR170="",DR170="Genel Toplam",DR170="(blank)"),"",DR170) -> MAC-0167 | DV170: =IFERROR(VLOOKUP(DU170,$DR$3:$DT$1004,2,FALSE),"") -> 773 | DW170: =IFERROR(VLOOKUP(DU170,$DR$3:$DT$1004,3,FALSE),"") -> 3398352 | EL170: MAC-0167 | EM170: 720 | EN170: 5425
X171: MAC-0168 | Y171: 36 | BD171: 431 | BE171: 0.07080413 | BG171: =IF(OR(BD171="",BD171="Grand Total",BD171="(blank)"),"",BD171) -> 431 | BH171: =IFERROR(VLOOKUP(BG171,$BD$3:$BE$552,2,FALSE),"") -> 0.07080413 | BM171: 76 | BN171: MAC-0138 | BP171: MAC-0168 | BQ171: 36 | BR171: =IF(OR(BP171="",BP171="Genel Toplam",BP171="(blank)"),"",BP171) -> MAC-0168 | BS171: =IFERROR(VLOOKUP(BR171,$BP$3:$BQ$1004,2,FALSE),"") -> 36 | CH171: 14037 | CI171: 28.15534 | CJ171: =IF(OR(CH171="",CH171="Grand Total",CH171="(blank)"),"",CH171) -> 14037 | CK171: =IFERROR(VLOOKUP(CJ171,$CH$3:$CI$983,2,FALSE),"") -> 28.15534 | CM171: 179 | CN171: 37.540453 | CO171: =IF(OR(CM171="",CM171="Grand Total",CM171="(blank)"),"",CM171) -> 179 | CP171: =IFERROR(VLOOKUP(CO171,$CM$3:$CN$983,2,FALSE),"") -> 37.540453 | DR171: MAC-0168 | DS171: 1193 | DT171: 382368 | DU171: =IF(OR(DR171="",DR171="Genel Toplam",DR171="(blank)"),"",DR171) -> MAC-0168 | DV171: =IFERROR(VLOOKUP(DU171,$DR$3:$DT$1004,2,FALSE),"") -> 1193 | DW171: =IFERROR(VLOOKUP(DU171,$DR$3:$DT$1004,3,FALSE),"") -> 382368 | EL171: MAC-0168 | EM171: 693 | EN171: 6682
X172: MAC-0169 | Y172: 107 | BD172: 432 | BE172: 0.021403271 | BG172: =IF(OR(BD172="",BD172="Grand Total",BD172="(blank)"),"",BD172) -> 432 | BH172: =IFERROR(VLOOKUP(BG172,$BD$3:$BE$552,2,FALSE),"") -> 0.021403271 | BM172: 76 | BN172: MAC-0316 | BP172: MAC-0169 | BQ172: 107 | BR172: =IF(OR(BP172="",BP172="Genel Toplam",BP172="(blank)"),"",BP172) -> MAC-0169 | BS172: =IFERROR(VLOOKUP(BR172,$BP$3:$BQ$1004,2,FALSE),"") -> 107 | CH172: 14058 | CI172: 22.330097 | CJ172: =IF(OR(CH172="",CH172="Grand Total",CH172="(blank)"),"",CH172) -> 14058 | CK172: =IFERROR(VLOOKUP(CJ172,$CH$3:$CI$983,2,FALSE),"") -> 22.330097 | CM172: 180 | CN172: 86.731392 | CO172: =IF(OR(CM172="",CM172="Grand Total",CM172="(blank)"),"",CM172) -> 180 | CP172: =IFERROR(VLOOKUP(CO172,$CM$3:$CN$983,2,FALSE),"") -> 86.731392 | DR172: MAC-0169 | DS172: 1571 | DT172: 244954 | DU172: =IF(OR(DR172="",DR172="Genel Toplam",DR172="(blank)"),"",DR172) -> MAC-0169 | DV172: =IFERROR(VLOOKUP(DU172,$DR$3:$DT$1004,2,FALSE),"") -> 1571 | DW172: =IFERROR(VLOOKUP(DU172,$DR$3:$DT$1004,3,FALSE),"") -> 244954 | EL172: MAC-0169 | EM172: 678 | EN172: 3805
X173: MAC-0170 | Y173: 231 | BD173: 433 | BE173: 0.070653403 | BG173: =IF(OR(BD173="",BD173="Grand Total",BD173="(blank)"),"",BD173) -> 433 | BH173: =IFERROR(VLOOKUP(BG173,$BD$3:$BE$552,2,FALSE),"") -> 0.070653403 | BM173: 76 | BN173: MAC-0638 | BP173: MAC-0170 | BQ173: 231 | BR173: =IF(OR(BP173="",BP173="Genel Toplam",BP173="(blank)"),"",BP173) -> MAC-0170 | BS173: =IFERROR(VLOOKUP(BR173,$BP$3:$BQ$1004,2,FALSE),"") -> 231 | CH173: 14128 | CI173: 18.446602 | CJ173: =IF(OR(CH173="",CH173="Grand Total",CH173="(blank)"),"",CH173) -> 14128 | CK173: =IFERROR(VLOOKUP(CJ173,$CH$3:$CI$983,2,FALSE),"") -> 18.446602 | CM173: 183 | CN173: 60.517799 | CO173: =IF(OR(CM173="",CM173="Grand Total",CM173="(blank)"),"",CM173) -> 183 | CP173: =IFERROR(VLOOKUP(CO173,$CM$3:$CN$983,2,FALSE),"") -> 60.517799 | DR173: MAC-0170 | DS173: 741 | DT173: 3570779 | DU173: =IF(OR(DR173="",DR173="Genel Toplam",DR173="(blank)"),"",DR173) -> MAC-0170 | DV173: =IFERROR(VLOOKUP(DU173,$DR$3:$DT$1004,2,FALSE),"") -> 741 | DW173: =IFERROR(VLOOKUP(DU173,$DR$3:$DT$1004,3,FALSE),"") -> 3570779 | EL173: MAC-0170 | EM173: 584 | EN173: 10877
X174: MAC-0171 | Y174: 194 | BD174: 434 | BE174: 0.023777225 | BG174: =IF(OR(BD174="",BD174="Grand Total",BD174="(blank)"),"",BD174) -> 434 | BH174: =IFERROR(VLOOKUP(BG174,$BD$3:$BE$552,2,FALSE),"") -> 0.023777225 | BM174: 77 | BN174: MAC-0378 | BP174: MAC-0171 | BQ174: 194 | BR174: =IF(OR(BP174="",BP174="Genel Toplam",BP174="(blank)"),"",BP174) -> MAC-0171 | BS174: =IFERROR(VLOOKUP(BR174,$BP$3:$BQ$1004,2,FALSE),"") -> 194 | CH174: 14199 | CI174: 35.275081 | CJ174: =IF(OR(CH174="",CH174="Grand Total",CH174="(blank)"),"",CH174) -> 14199 | CK174: =IFERROR(VLOOKUP(CJ174,$CH$3:$CI$983,2,FALSE),"") -> 35.275081 | CM174: 185 | CN174: 80.2589 | CO174: =IF(OR(CM174="",CM174="Grand Total",CM174="(blank)"),"",CM174) -> 185 | CP174: =IFERROR(VLOOKUP(CO174,$CM$3:$CN$983,2,FALSE),"") -> 80.2589 | DR174: MAC-0171 | DS174: 0 | DT174: 1925793 | DU174: =IF(OR(DR174="",DR174="Genel Toplam",DR174="(blank)"),"",DR174) -> MAC-0171 | DV174: =IFERROR(VLOOKUP(DU174,$DR$3:$DT$1004,2,FALSE),"") -> 0 | DW174: =IFERROR(VLOOKUP(DU174,$DR$3:$DT$1004,3,FALSE),"") -> 1925793 | EL174: MAC-0171 | EM174: 715 | EN174: 5854
X175: MAC-0172 | Y175: 178 | BD175: 435 | BE175: 0.023325043 | BG175: =IF(OR(BD175="",BD175="Grand Total",BD175="(blank)"),"",BD175) -> 435 | BH175: =IFERROR(VLOOKUP(BG175,$BD$3:$BE$552,2,FALSE),"") -> 0.023325043 | BM175: 77 | BN175: MAC-0489 | BP175: MAC-0172 | BQ175: 178 | BR175: =IF(OR(BP175="",BP175="Genel Toplam",BP175="(blank)"),"",BP175) -> MAC-0172 | BS175: =IFERROR(VLOOKUP(BR175,$BP$3:$BQ$1004,2,FALSE),"") -> 178 | CH175: 14319 | CI175: 28.15534 | CJ175: =IF(OR(CH175="",CH175="Grand Total",CH175="(blank)"),"",CH175) -> 14319 | CK175: =IFERROR(VLOOKUP(CJ175,$CH$3:$CI$983,2,FALSE),"") -> 28.15534 | CM175: 187 | CN175: 80.2589 | CO175: =IF(OR(CM175="",CM175="Grand Total",CM175="(blank)"),"",CM175) -> 187 | CP175: =IFERROR(VLOOKUP(CO175,$CM$3:$CN$983,2,FALSE),"") -> 80.2589 | DR175: MAC-0172 | DS175: 8201 | DT175: 26237423 | DU175: =IF(OR(DR175="",DR175="Genel Toplam",DR175="(blank)"),"",DR175) -> MAC-0172 | DV175: =IFERROR(VLOOKUP(DU175,$DR$3:$DT$1004,2,FALSE),"") -> 8201 | DW175: =IFERROR(VLOOKUP(DU175,$DR$3:$DT$1004,3,FALSE),"") -> 26237423 | EL175: MAC-0172 | EM175: 447 | EN175: 967
... X192: MAC-0189 | Y192: 258 | BD192: 459 | BE192: 0.065566358 | BG192: =IF(OR(BD192="",BD192="Grand Total",BD192="(blank)"),"",BD192) -> 459 | BH192: =IFERROR(VLOOKUP(BG192,$BD$3:$BE$552,2,FALSE),"") -> 0.065566358 | BM192: 83 | BN192: MAC-0857 | BP192: MAC-0189 | BQ192: 258 | BR192: =IF(OR(BP192="",BP192="Genel Toplam",BP192="(blank)"),"",BP192) -> MAC-0189 | BS192: =IFERROR(VLOOKUP(BR192,$BP$3:$BQ$1004,2,FALSE),"") -> 258 | CH192: 15845 | CI192: 29.773463 | CJ192: =IF(OR(CH192="",CH192="Grand Total",CH192="(blank)"),"",CH192) -> 15845 | CK192: =IFERROR(VLOOKUP(CJ192,$CH$3:$CI$983,2,FALSE),"") -> 29.773463 | CM192: 220 | CN192: 62.783172 | CO192: =IF(OR(CM192="",CM192="Grand Total",CM192="(blank)"),"",CM192) -> 220 | CP192: =IFERROR(VLOOKUP(CO192,$CM$3:$CN$983,2,FALSE),"") -> 62.783172 | DR192: MAC-0189 | DS192: 270 | DT192: 2567792 | DU192: =IF(OR(DR192="",DR192="Genel Toplam",DR192="(blank)"),"",DR192) -> MAC-0189 | DV192: =IFERROR(VLOOKUP(DU192,$DR$3:$DT$1004,2,FALSE),"") -> 270 | DW192: =IFERROR(VLOOKUP(DU192,$DR$3:$DT$1004,3,FALSE),"") -> 2567792 | EL192: MAC-0189 | EM192: 732 | EN192: 6991
X193: MAC-0190 | Y193: 87 | BD193: 460 | BE193: 0.022194589 | BG193: =IF(OR(BD193="",BD193="Grand Total",BD193="(blank)"),"",BD193) -> 460 | BH193: =IFERROR(VLOOKUP(BG193,$BD$3:$BE$552,2,FALSE),"") -> 0.022194589 | BM193: 84 | BN193: MAC-0192 | BP193: MAC-0190 | BQ193: 87 | BR193: =IF(OR(BP193="",BP193="Genel Toplam",BP193="(blank)"),"",BP193) -> MAC-0190 | BS193: =IFERROR(VLOOKUP(BR193,$BP$3:$BQ$1004,2,FALSE),"") -> 87 | CH193: 15856 | CI193: 28.478964 | CJ193: =IF(OR(CH193="",CH193="Grand Total",CH193="(blank)"),"",CH193) -> 15856 | CK193: =IFERROR(VLOOKUP(CJ193,$CH$3:$CI$983,2,FALSE),"") -> 28.478964 | CM193: Genel Toplam | CN193: 43.935922 | CO193: =IF(OR(CM193="",CM193="Grand Total",CM193="(blank)"),"",CM193) -> Genel Toplam | CP193: =IFERROR(VLOOKUP(CO193,$CM$3:$CN$983,2,FALSE),"") -> 43.935922 | DR193: MAC-0190 | DS193: 577 | DT193: 2873045 | DU193: =IF(OR(DR193="",DR193="Genel Toplam",DR193="(blank)"),"",DR193) -> MAC-0190 | DV193: =IFERROR(VLOOKUP(DU193,$DR$3:$DT$1004,2,FALSE),"") -> 577 | DW193: =IFERROR(VLOOKUP(DU193,$DR$3:$DT$1004,3,FALSE),"") -> 2873045 | EL193: MAC-0190 | EM193: 776 | EN193: 10251
X194: MAC-0191 | Y194: 49 | BD194: 461 | BE194: 0.046009496 | BG194: =IF(OR(BD194="",BD194="Grand Total",BD194="(blank)"),"",BD194) -> 461 | BH194: =IFERROR(VLOOKUP(BG194,$BD$3:$BE$552,2,FALSE),"") -> 0.046009496 | BM194: 84 | BN194: MAC-0960 | BP194: MAC-0191 | BQ194: 49 | BR194: =IF(OR(BP194="",BP194="Genel Toplam",BP194="(blank)"),"",BP194) -> MAC-0191 | BS194: =IFERROR(VLOOKUP(BR194,$BP$3:$BQ$1004,2,FALSE),"") -> 49 | CH194: 16028 | CI194: 44.33657 | CJ194: =IF(OR(CH194="",CH194="Grand Total",CH194="(blank)"),"",CH194) -> 16028 | CK194: =IFERROR(VLOOKUP(CJ194,$CH$3:$CI$983,2,FALSE),"") -> 44.33657 | CO194: =IF(OR(CM194="",CM194="Grand Total",CM194="(blank)"),"",CM194) | CP194: =IFERROR(VLOOKUP(CO194,$CM$3:$CN$983,2,FALSE),"") | DR194: MAC-0191 | DS194: 2534 | DT194: 2944196 | DU194: =IF(OR(DR194="",DR194="Genel Toplam",DR194="(blank)"),"",DR194) -> MAC-0191 | DV194: =IFERROR(VLOOKUP(DU194,$DR$3:$DT$1004,2,FALSE),"") -> 2534 | DW194: =IFERROR(VLOOKUP(DU194,$DR$3:$DT$1004,3,FALSE),"") -> 2944196 | EL194: MAC-0191 | EM194: 551 | EN194: 8515
X195: MAC-0192 | Y195: 84 | BD195: 462 | BE195: 0.042278996 | BG195: =IF(OR(BD195="",BD195="Grand Total",BD195="(blank)"),"",BD195) -> 462 | BH195: =IFERROR(VLOOKUP(BG195,$BD$3:$BE$552,2,FALSE),"") -> 0.042278996 | BM195: 85 | BN195: MAC-0109 | BP195: MAC-0192 | BQ195: 84 | BR195: =IF(OR(BP195="",BP195="Genel Toplam",BP195="(blank)"),"",BP195) -> MAC-0192 | BS195: =IFERROR(VLOOKUP(BR195,$BP$3:$BQ$1004,2,FALSE),"") -> 84 | CH195: 16065 | CI195: 16.828479 | CJ195: =IF(OR(CH195="",CH195="Grand Total",CH195="(blank)"),"",CH195) -> 16065 | CK195: =IFERROR(VLOOKUP(CJ195,$CH$3:$CI$983,2,FALSE),"") -> 16.828479 | CO195: =IF(OR(CM195="",CM195="Grand Total",CM195="(blank)"),"",CM195) | CP195: =IFERROR(VLOOKUP(CO195,$CM$3:$CN$983,2,FALSE),"") | DR195: MAC-0192 | DS195: 907 | DT195: 390848 | DU195: =IF(OR(DR195="",DR195="Genel Toplam",DR195="(blank)"),"",DR195) -> MAC-0192 | DV195: =IFERROR(VLOOKUP(DU195,$DR$3:$DT$1004,2,FALSE),"") -> 907 | DW195: =IFERROR(VLOOKUP(DU195,$DR$3:$DT$1004,3,FALSE),"") -> 390848 | EL195: MAC-0192 | EM195: 755 | EN195: 5806
X196: MAC-0193 | Y196: 503 | BD196: 463 | BE196: 0.046197905 | BG196: =IF(OR(BD196="",BD196="Grand Total",BD196="(blank)"),"",BD196) -> 463 | BH196: =IFERROR(VLOOKUP(BG196,$BD$3:$BE$552,2,FALSE),"") -> 0.046197905 | BM196: 85 | BN196: MAC-0279 | BP196: MAC-0193 | BQ196: 503 | BR196: =IF(OR(BP196="",BP196="Genel Toplam",BP196="(blank)"),"",BP196) -> MAC-0193 | BS196: =IFERROR(VLOOKUP(BR196,$BP$3:$BQ$1004,2,FALSE),"") -> 503 | CH196: 16180 | CI196: 19.093851 | CJ196: =IF(OR(CH196="",CH196="Grand Total",CH196="(blank)"),"",CH196) -> 16180 | CK196: =IFERROR(VLOOKUP(CJ196,$CH$3:$CI$983,2,FALSE),"") -> 19.093851 | CO196: =IF(OR(CM196="",CM196="Grand Total",CM196="(blank)"),"",CM196) | CP196: =IFERROR(VLOOKUP(CO196,$CM$3:$CN$983,2,FALSE),"") | DR196: MAC-0193 | DS196: 19529 | DT196: 2250818 | DU196: =IF(OR(DR196="",DR196="Genel Toplam",DR196="(blank)"),"",DR196) -> MAC-0193 | DV196: =IFERROR(VLOOKUP(DU196,$DR$3:$DT$1004,2,FALSE),"") -> 19529 | DW196: =IFERROR(VLOOKUP(DU196,$DR$3:$DT$1004,3,FALSE),"") -> 2250818 | EL196: MAC-0193 | EM196: 197 | EN196: 382
X197: MAC-0194 | Y197: 344 | BD197: 464 | BE197: 0.046084859 | BG197: =IF(OR(BD197="",BD197="Grand Total",BD197="(blank)"),"",BD197) -> 464 | BH197: =IFERROR(VLOOKUP(BG197,$BD$3:$BE$552,2,FALSE),"") -> 0.046084859 | BM197: 85 | BN197: MAC-0286 | BP197: MAC-0194 | BQ197: 344 | BR197: =IF(OR(BP197="",BP197="Genel Toplam",BP197="(blank)"),"",BP197) -> MAC-0194 | BS197: =IFERROR(VLOOKUP(BR197,$BP$3:$BQ$1004,2,FALSE),"") -> 344 | CH197: 16196 | CI197: 17.799353 | CJ197: =IF(OR(CH197="",CH197="Grand Total",CH197="(blank)"),"",CH197) -> 16196 | CK197: =IFERROR(VLOOKUP(CJ197,$CH$3:$CI$983,2,FALSE),"") -> 17.799353 | CO197: =IF(OR(CM197="",CM197="Grand Total",CM197="(blank)"),"",CM197) | CP197: =IFERROR(VLOOKUP(CO197,$CM$3:$CN$983,2,FALSE),"") | DR197: MAC-0194 | DS197: 2852 | DT197: 12263093 | DU197: =IF(OR(DR197="",DR197="Genel Toplam",DR197="(blank)"),"",DR197) -> MAC-0194 | DV197: =IFERROR(VLOOKUP(DU197,$DR$3:$DT$1004,2,FALSE),"") -> 2852 | DW197: =IFERROR(VLOOKUP(DU197,$DR$3:$DT$1004,3,FALSE),"") -> 12263093 | EL197: MAC-0194 | EM197: 562 | EN197: 3423
X198: MAC-0195 | Y198: 45 | BD198: 465 | BE198: 0.024116361 | BG198: =IF(OR(BD198="",BD198="Grand Total",BD198="(blank)"),"",BD198) -> 465 | BH198: =IFERROR(VLOOKUP(BG198,$BD$3:$BE$552,2,FALSE),"") -> 0.024116361 | BM198: 86 | BN198: MAC-0373 | BP198: MAC-0195 | BQ198: 45 | BR198: =IF(OR(BP198="",BP198="Genel Toplam",BP198="(blank)"),"",BP198) -> MAC-0195 | BS198: =IFERROR(VLOOKUP(BR198,$BP$3:$BQ$1004,2,FALSE),"") -> 45 | CH198: 16212 | CI198: 23.300971 | CJ198: =IF(OR(CH198="",CH198="Grand Total",CH198="(blank)"),"",CH198) -> 16212 | CK198: =IFERROR(VLOOKUP(CJ198,$CH$3:$CI$983,2,FALSE),"") -> 23.300971 | CO198: =IF(OR(CM198="",CM198="Grand Total",CM198="(blank)"),"",CM198) | CP198: =IFERROR(VLOOKUP(CO198,$CM$3:$CN$983,2,FALSE),"") | DR198: MAC-0195 | DS198: 990 | DT198: 5275303 | DU198: =IF(OR(DR198="",DR198="Genel Toplam",DR198="(blank)"),"",DR198) -> MAC-0195 | DV198: =IFERROR(VLOOKUP(DU198,$DR$3:$DT$1004,2,FALSE),"") -> 990 | DW198: =IFERROR(VLOOKUP(DU198,$DR$3:$DT$1004,3,FALSE),"") -> 5275303 | EL198: MAC-0195 | EM198: 595 | EN198: 9866
X199: MAC-0196 | Y199: 535 | BD199: 466 | BE199: 0.022382998 | BG199: =IF(OR(BD199="",BD199="Grand Total",BD199="(blank)"),"",BD199) -> 466 | BH199: =IFERROR(VLOOKUP(BG199,$BD$3:$BE$552,2,FALSE),"") -> 0.022382998 | BM199: 87 | BN199: MAC-0190 | BP199: MAC-0196 | BQ199: 535 | BR199: =IF(OR(BP199="",BP199="Genel Toplam",BP199="(blank)"),"",BP199) -> MAC-0196 | BS199: =IFERROR(VLOOKUP(BR199,$BP$3:$BQ$1004,2,FALSE),"") -> 535 | CH199: 16300 | CI199: 34.627832 | CJ199: =IF(OR(CH199="",CH199="Grand Total",CH199="(blank)"),"",CH199) -> 16300 | CK199: =IFERROR(VLOOKUP(CJ199,$CH$3:$CI$983,2,FALSE),"") -> 34.627832 | CO199: =IF(OR(CM199="",CM199="Grand Total",CM199="(blank)"),"",CM199) | CP199: =IFERROR(VLOOKUP(CO199,$CM$3:$CN$983,2,FALSE),"") | DR199: MAC-0196 | DS199: 20266 | DT199: 21828826 | DU199: =IF(OR(DR199="",DR199="Genel Toplam",DR199="(blank)"),"",DR199) -> MAC-0196 | DV199: =IFERROR(VLOOKUP(DU199,$DR$3:$DT$1004,2,FALSE),"") -> 20266 | DW199: =IFERROR(VLOOKUP(DU199,$DR$3:$DT$1004,3,FALSE),"") -> 21828826 | EL199: MAC-0196 | EM199: 190 | EN199: 394
X200: MAC-0197 | Y200: 38 | BD200: 467 | BE200: 0.088024719 | BG200: =IF(OR(BD200="",BD200="Grand Total",BD200="(blank)"),"",BD200) -> 467 | BH200: =IFERROR(VLOOKUP(BG200,$BD$3:$BE$552,2,FALSE),"") -> 0.088024719 | BM200: 87 | BN200: MAC-0607 | BP200: MAC-0197 | BQ200: 38 | BR200: =IF(OR(BP200="",BP200="Genel Toplam",BP200="(blank)"),"",BP200) -> MAC-0197 | BS200: =IFERROR(VLOOKUP(BR200,$BP$3:$BQ$1004,2,FALSE),"") -> 38 | CH200: 16416 | CI200: 23.300971 | CJ200: =IF(OR(CH200="",CH200="Grand Total",CH200="(blank)"),"",CH200) -> 16416 | CK200: =IFERROR(VLOOKUP(CJ200,$CH$3:$CI$983,2,FALSE),"") -> 23.300971 | CO200: =IF(OR(CM200="",CM200="Grand Total",CM200="(blank)"),"",CM200) | CP200: =IFERROR(VLOOKUP(CO200,$CM$3:$CN$983,2,FALSE),"") | DR200: MAC-0197 | DS200: 170 | DT200: 888857 | DU200: =IF(OR(DR200="",DR200="Genel Toplam",DR200="(blank)"),"",DR200) -> MAC-0197 | DV200: =IFERROR(VLOOKUP(DU200,$DR$3:$DT$1004,2,FALSE),"") -> 170 | DW200: =IFERROR(VLOOKUP(DU200,$DR$3:$DT$1004,3,FALSE),"") -> 888857 | EL200: MAC-0197 | EM200: 847 | EN200: 12981
X201: MAC-0198 | Y201: 353 | BD201: 470 | BE201: 0.021290225 | BG201: =IF(OR(BD201="",BD201="Grand Total",BD201="(blank)"),"",BD201) -> 470 | BH201: =IFERROR(VLOOKUP(BG201,$BD$3:$BE$552,2,FALSE),"") -> 0.021290225 | BM201: 87 | BN201: MAC-0614 | BP201: MAC-0198 | BQ201: 353 | BR201: =IF(OR(BP201="",BP201="Genel Toplam",BP201="(blank)"),"",BP201) -> MAC-0198 | BS201: =IFERROR(VLOOKUP(BR201,$BP$3:$BQ$1004,2,FALSE),"") -> 353 | CH201: 16480 | CI201: 34.627832 | CJ201: =IF(OR(CH201="",CH201="Grand Total",CH201="(blank)"),"",CH201) -> 16480 | CK201: =IFERROR(VLOOKUP(CJ201,$CH$3:$CI$983,2,FALSE),"") -> 34.627832 | CO201: =IF(OR(CM201="",CM201="Grand Total",CM201="(blank)"),"",CM201) | CP201: =IFERROR(VLOOKUP(CO201,$CM$3:$CN$983,2,FALSE),"") | DR201: MAC-0198 | DS201: 19232 | DT201: 21483061 | DU201: =IF(OR(DR201="",DR201="Genel Toplam",DR201="(blank)"),"",DR201) -> MAC-0198 | DV201: =IFERROR(VLOOKUP(DU201,$DR$3:$DT$1004,2,FALSE),"") -> 19232 | DW201: =IFERROR(VLOOKUP(DU201,$DR$3:$DT$1004,3,FALSE),"") -> 21483061 | EL201: MAC-0198 | EM201: 173 | EN201: 383
X202: MAC-0199 | Y202: 207 | BD202: 471 | BE202: 0.04589645 | BG202: =IF(OR(BD202="",BD202="Grand Total",BD202="(blank)"),"",BD202) -> 471 | BH202: =IFERROR(VLOOKUP(BG202,$BD$3:$BE$552,2,FALSE),"") -> 0.04589645 | BM202: 87 | BN202: MAC-0757 | BP202: MAC-0199 | BQ202: 207 | BR202: =IF(OR(BP202="",BP202="Genel Toplam",BP202="(blank)"),"",BP202) -> MAC-0199 | BS202: =IFERROR(VLOOKUP(BR202,$BP$3:$BQ$1004,2,FALSE),"") -> 207 | CH202: 16525 | CI202: 35.92233 | CJ202: =IF(OR(CH202="",CH202="Grand Total",CH202="(blank)"),"",CH202) -> 16525 | CK202: =IFERROR(VLOOKUP(CJ202,$CH$3:$CI$983,2,FALSE),"") -> 35.92233 | CO202: =IF(OR(CM202="",CM202="Grand Total",CM202="(blank)"),"",CM202) | CP202: =IFERROR(VLOOKUP(CO202,$CM$3:$CN$983,2,FALSE),"") | DR202: MAC-0199 | DS202: 3797 | DT202: 13549299 | DU202: =IF(OR(DR202="",DR202="Genel Toplam",DR202="(blank)"),"",DR202) -> MAC-0199 | DV202: =IFERROR(VLOOKUP(DU202,$DR$3:$DT$1004,2,FALSE),"") -> 3797 | DW202: =IFERROR(VLOOKUP(DU202,$DR$3:$DT$1004,3,FALSE),"") -> 13549299 | EL202: MAC-0199 | EM202: 510 | EN202: 1464
X203: MAC-0200 | Y203: 35 | BD203: 472 | BE203: 0.020913407 | BG203: =IF(OR(BD203="",BD203="Grand Total",BD203="(blank)"),"",BD203) -> 472 | BH203: =IFERROR(VLOOKUP(BG203,$BD$3:$BE$552,2,FALSE),"") -> 0.020913407 | BM203: 87 | BN203: MAC-0781 | BP203: MAC-0200 | BQ203: 35 | BR203: =IF(OR(BP203="",BP203="Genel Toplam",BP203="(blank)"),"",BP203) -> MAC-0200 | BS203: =IFERROR(VLOOKUP(BR203,$BP$3:$BQ$1004,2,FALSE),"") -> 35 | CH203: 16695 | CI203: 59.223301 | CJ203: =IF(OR(CH203="",CH203="Grand Total",CH203="(blank)"),"",CH203) -> 16695 | CK203: =IFERROR(VLOOKUP(CJ203,$CH$3:$CI$983,2,FALSE),"") -> 59.223301 | CO203: =IF(OR(CM203="",CM203="Grand Total",CM203="(blank)"),"",CM203) | CP203: =IFERROR(VLOOKUP(CO203,$CM$3:$CN$983,2,FALSE),"") | DR203: MAC-0200 | DS203: 1593 | DT203: 5164089 | DU203: =IF(OR(DR203="",DR203="Genel Toplam",DR203="(blank)"),"",DR203) -> MAC-0200 | DV203: =IFERROR(VLOOKUP(DU203,$DR$3:$DT$1004,2,FALSE),"") -> 1593 | DW203: =IFERROR(VLOOKUP(DU203,$DR$3:$DT$1004,3,FALSE),"") -> 5164089 | EL203: MAC-0200 | EM203: 711 | EN203: 5890
X204: MAC-0201 | Y204: 143 | BD204: 473 | BE204: 0.04318336 | BG204: =IF(OR(BD204="",BD204="Grand Total",BD204="(blank)"),"",BD204) -> 473 | BH204: =IFERROR(VLOOKUP(BG204,$BD$3:$BE$552,2,FALSE),"") -> 0.04318336 | BM204: 88 | BN204: MAC-0796 | BP204: MAC-0201 | BQ204: 143 | BR204: =IF(OR(BP204="",BP204="Genel Toplam",BP204="(blank)"),"",BP204) -> MAC-0201 | BS204: =IFERROR(VLOOKUP(BR204,$BP$3:$BQ$1004,2,FALSE),"") -> 143 | CH204: 16984 | CI204: 32.36246 | CJ204: =IF(OR(CH204="",CH204="Grand Total",CH204="(blank)"),"",CH204) -> 16984 | CK204: =IFERROR(VLOOKUP(CJ204,$CH$3:$CI$983,2,FALSE),"") -> 32.36246 | CO204: =IF(OR(CM204="",CM204="Grand Total",CM204="(blank)"),"",CM204) | CP204: =IFERROR(VLOOKUP(CO204,$CM$3:$CN$983,2,FALSE),"") | DR204: MAC-0201 | DS204: 648 | DT204: 5947328 | DU204: =IF(OR(DR204="",DR204="Genel Toplam",DR204="(blank)"),"",DR204) -> MAC-0201 | DV204: =IFERROR(VLOOKUP(DU204,$DR$3:$DT$1004,2,FALSE),"") -> 648 | DW204: =IFERROR(VLOOKUP(DU204,$DR$3:$DT$1004,3,FALSE),"") -> 5947328 | EL204: MAC-0201 | EM204: 804 | EN204: 7968
X205: MAC-0202 | Y205: 90 | BD205: 474 | BE205: 0.088137765 | BG205: =IF(OR(BD205="",BD205="Grand Total",BD205="(blank)"),"",BD205) -> 474 | BH205: =IFERROR(VLOOKUP(BG205,$BD$3:$BE$552,2,FALSE),"") -> 0.088137765 | BM205: 88 | BN205: MAC-0856 | BP205: MAC-0202 | BQ205: 90 | BR205: =IF(OR(BP205="",BP205="Genel Toplam",BP205="(blank)"),"",BP205) -> MAC-0202 | BS205: =IFERROR(VLOOKUP(BR205,$BP$3:$BQ$1004,2,FALSE),"") -> 90 | CH205: 17020 | CI205: 38.187702 | CJ205: =IF(OR(CH205="",CH205="Grand Total",CH205="(blank)"),"",CH205) -> 17020 | CK205: =IFERROR(VLOOKUP(CJ205,$CH$3:$CI$983,2,FALSE),"") -> 38.187702 | CO205: =IF(OR(CM205="",CM205="Grand Total",CM205="(blank)"),"",CM205) | CP205: =IFERROR(VLOOKUP(CO205,$CM$3:$CN$983,2,FALSE),"") | DR205: MAC-0202 | DS205: 1555 | DT205: 8769508 | DU205: =IF(OR(DR205="",DR205="Genel Toplam",DR205="(blank)"),"",DR205) -> MAC-0202 | DV205: =IFERROR(VLOOKUP(DU205,$DR$3:$DT$1004,2,FALSE),"") -> 1555 | DW205: =IFERROR(VLOOKUP(DU205,$DR$3:$DT$1004,3,FALSE),"") -> 8769508 | EL205: MAC-0202 | EM205: 565 | EN205: 7294
... X551: MAC-0548 | Y551: 163 | BD551: 1000 | BE551: 0.0007536363 | BG551: =IF(OR(BD551="",BD551="Grand Total",BD551="(blank)"),"",BD551) -> 1000 | BH551: =IFERROR(VLOOKUP(BG551,$BD$3:$BE$552,2,FALSE),"") -> 0.0007536363 | BM551: 245 | BN551: MAC-0096 | BP551: MAC-0548 | BQ551: 163 | BR551: =IF(OR(BP551="",BP551="Genel Toplam",BP551="(blank)"),"",BP551) -> MAC-0548 | BS551: =IFERROR(VLOOKUP(BR551,$BP$3:$BQ$1004,2,FALSE),"") -> 163 | CH551: 45012 | CI551: 58.252427 | CJ551: =IF(OR(CH551="",CH551="Grand Total",CH551="(blank)"),"",CH551) -> 45012 | CK551: =IFERROR(VLOOKUP(CJ551,$CH$3:$CI$983,2,FALSE),"") -> 58.252427 | CO551: =IF(OR(CM551="",CM551="Grand Total",CM551="(blank)"),"",CM551) | CP551: =IFERROR(VLOOKUP(CO551,$CM$3:$CN$983,2,FALSE),"") | DR551: MAC-0548 | DS551: 434 | DT551: 2245459 | DU551: =IF(OR(DR551="",DR551="Genel Toplam",DR551="(blank)"),"",DR551) -> MAC-0548 | DV551: =IFERROR(VLOOKUP(DU551,$DR$3:$DT$1004,2,FALSE),"") -> 434 | DW551: =IFERROR(VLOOKUP(DU551,$DR$3:$DT$1004,3,FALSE),"") -> 2245459 | EL551: MAC-0548 | EM551: 773 | EN551: 11421
X552: MAC-0549 | Y552: 77 | BD552: Genel Toplam | BE552: 18.324214 | BG552: =IF(OR(BD552="",BD552="Grand Total",BD552="(blank)"),"",BD552) -> Genel Toplam | BH552: =IFERROR(VLOOKUP(BG552,$BD$3:$BE$552,2,FALSE),"") -> 18.324214 | BM552: 245 | BN552: MAC-0649 | BP552: MAC-0549 | BQ552: 77 | BR552: =IF(OR(BP552="",BP552="Genel Toplam",BP552="(blank)"),"",BP552) -> MAC-0549 | BS552: =IFERROR(VLOOKUP(BR552,$BP$3:$BQ$1004,2,FALSE),"") -> 77 | CH552: 45221 | CI552: 43.68932 | CJ552: =IF(OR(CH552="",CH552="Grand Total",CH552="(blank)"),"",CH552) -> 45221 | CK552: =IFERROR(VLOOKUP(CJ552,$CH$3:$CI$983,2,FALSE),"") -> 43.68932 | CO552: =IF(OR(CM552="",CM552="Grand Total",CM552="(blank)"),"",CM552) | CP552: =IFERROR(VLOOKUP(CO552,$CM$3:$CN$983,2,FALSE),"") | DR552: MAC-0549 | DS552: 79 | DT552: 1263369 | DU552: =IF(OR(DR552="",DR552="Genel Toplam",DR552="(blank)"),"",DR552) -> MAC-0549 | DV552: =IFERROR(VLOOKUP(DU552,$DR$3:$DT$1004,2,FALSE),"") -> 79 | DW552: =IFERROR(VLOOKUP(DU552,$DR$3:$DT$1004,3,FALSE),"") -> 1263369 | EL552: MAC-0549 | EM552: 819 | EN552: 12782
X553: MAC-0550 | Y553: 36 | BG553: =IF(OR(BD553="",BD553="Grand Total",BD553="(blank)"),"",BD553) | BH553: =IFERROR(VLOOKUP(BG553,$BD$3:$BE$552,2,FALSE),"") | BM553: 246 | BN553: MAC-0808 | BP553: MAC-0550 | BQ553: 36 | BR553: =IF(OR(BP553="",BP553="Genel Toplam",BP553="(blank)"),"",BP553) -> MAC-0550 | BS553: =IFERROR(VLOOKUP(BR553,$BP$3:$BQ$1004,2,FALSE),"") -> 36 | CH553: 45331 | CI553: 43.365696 | CJ553: =IF(OR(CH553="",CH553="Grand Total",CH553="(blank)"),"",CH553) -> 45331 | CK553: =IFERROR(VLOOKUP(CJ553,$CH$3:$CI$983,2,FALSE),"") -> 43.365696 | CO553: =IF(OR(CM553="",CM553="Grand Total",CM553="(blank)"),"",CM553) | CP553: =IFERROR(VLOOKUP(CO553,$CM$3:$CN$983,2,FALSE),"") | DR553: MAC-0550 | DS553: 1341 | DT553: 4664789 | DU553: =IF(OR(DR553="",DR553="Genel Toplam",DR553="(blank)"),"",DR553) -> MAC-0550 | DV553: =IFERROR(VLOOKUP(DU553,$DR$3:$DT$1004,2,FALSE),"") -> 1341 | DW553: =IFERROR(VLOOKUP(DU553,$DR$3:$DT$1004,3,FALSE),"") -> 4664789 | EL553: MAC-0550 | EM553: 658 | EN553: 7461
X554: MAC-0551 | Y554: 207 | BG554: =IF(OR(BD554="",BD554="Grand Total",BD554="(blank)"),"",BD554) | BH554: =IFERROR(VLOOKUP(BG554,$BD$3:$BE$552,2,FALSE),"") | BM554: 247 | BN554: MAC-0139 | BP554: MAC-0551 | BQ554: 207 | BR554: =IF(OR(BP554="",BP554="Genel Toplam",BP554="(blank)"),"",BP554) -> MAC-0551 | BS554: =IFERROR(VLOOKUP(BR554,$BP$3:$BQ$1004,2,FALSE),"") -> 207 | CH554: 45374 | CI554: 52.427184 | CJ554: =IF(OR(CH554="",CH554="Grand Total",CH554="(blank)"),"",CH554) -> 45374 | CK554: =IFERROR(VLOOKUP(CJ554,$CH$3:$CI$983,2,FALSE),"") -> 52.427184 | CO554: =IF(OR(CM554="",CM554="Grand Total",CM554="(blank)"),"",CM554) | CP554: =IFERROR(VLOOKUP(CO554,$CM$3:$CN$983,2,FALSE),"") | DR554: MAC-0551 | DS554: 689 | DT554: 4222253 | DU554: =IF(OR(DR554="",DR554="Genel Toplam",DR554="(blank)"),"",DR554) -> MAC-0551 | DV554: =IFERROR(VLOOKUP(DU554,$DR$3:$DT$1004,2,FALSE),"") -> 689 | DW554: =IFERROR(VLOOKUP(DU554,$DR$3:$DT$1004,3,FALSE),"") -> 4222253 | EL554: MAC-0551 | EM554: 622 | EN554: 12684
X555: MAC-0552 | Y555: 130 | BM555: 247 | BN555: MAC-0424 | BP555: MAC-0552 | BQ555: 130 | BR555: =IF(OR(BP555="",BP555="Genel Toplam",BP555="(blank)"),"",BP555) -> MAC-0552 | BS555: =IFERROR(VLOOKUP(BR555,$BP$3:$BQ$1004,2,FALSE),"") -> 130 | CH555: 45485 | CI555: 41.747573 | CJ555: =IF(OR(CH555="",CH555="Grand Total",CH555="(blank)"),"",CH555) -> 45485 | CK555: =IFERROR(VLOOKUP(CJ555,$CH$3:$CI$983,2,FALSE),"") -> 41.747573 | CO555: =IF(OR(CM555="",CM555="Grand Total",CM555="(blank)"),"",CM555) | CP555: =IFERROR(VLOOKUP(CO555,$CM$3:$CN$983,2,FALSE),"") | DR555: MAC-0552 | DS555: 44 | DT555: 175995 | DU555: =IF(OR(DR555="",DR555="Genel Toplam",DR555="(blank)"),"",DR555) -> MAC-0552 | DV555: =IFERROR(VLOOKUP(DU555,$DR$3:$DT$1004,2,FALSE),"") -> 44 | DW555: =IFERROR(VLOOKUP(DU555,$DR$3:$DT$1004,3,FALSE),"") -> 175995 | EL555: MAC-0552 | EM555: 906 | EN555: 11655
X556: MAC-0553 | Y556: 230 | BM556: 248 | BN556: MAC-0112 | BP556: MAC-0553 | BQ556: 230 | BR556: =IF(OR(BP556="",BP556="Genel Toplam",BP556="(blank)"),"",BP556) -> MAC-0553 | BS556: =IFERROR(VLOOKUP(BR556,$BP$3:$BQ$1004,2,FALSE),"") -> 230 | CH556: 45525 | CI556: 63.106796 | CJ556: =IF(OR(CH556="",CH556="Grand Total",CH556="(blank)"),"",CH556) -> 45525 | CK556: =IFERROR(VLOOKUP(CJ556,$CH$3:$CI$983,2,FALSE),"") -> 63.106796 | CO556: =IF(OR(CM556="",CM556="Grand Total",CM556="(blank)"),"",CM556) | CP556: =IFERROR(VLOOKUP(CO556,$CM$3:$CN$983,2,FALSE),"") | DR556: MAC-0553 | DS556: 1844 | DT556: 7512555 | DU556: =IF(OR(DR556="",DR556="Genel Toplam",DR556="(blank)"),"",DR556) -> MAC-0553 | DV556: =IFERROR(VLOOKUP(DU556,$DR$3:$DT$1004,2,FALSE),"") -> 1844 | DW556: =IFERROR(VLOOKUP(DU556,$DR$3:$DT$1004,3,FALSE),"") -> 7512555 | EL556: MAC-0553 | EM556: 596 | EN556: 5767
X557: MAC-0554 | Y557: 223 | BM557: 248 | BN557: MAC-0367 | BP557: MAC-0554 | BQ557: 223 | BR557: =IF(OR(BP557="",BP557="Genel Toplam",BP557="(blank)"),"",BP557) -> MAC-0554 | BS557: =IFERROR(VLOOKUP(BR557,$BP$3:$BQ$1004,2,FALSE),"") -> 223 | CH557: 45735 | CI557: 53.074434 | CJ557: =IF(OR(CH557="",CH557="Grand Total",CH557="(blank)"),"",CH557) -> 45735 | CK557: =IFERROR(VLOOKUP(CJ557,$CH$3:$CI$983,2,FALSE),"") -> 53.074434 | CO557: =IF(OR(CM557="",CM557="Grand Total",CM557="(blank)"),"",CM557) | CP557: =IFERROR(VLOOKUP(CO557,$CM$3:$CN$983,2,FALSE),"") | DR557: MAC-0554 | DS557: 1315 | DT557: 7821635 | DU557: =IF(OR(DR557="",DR557="Genel Toplam",DR557="(blank)"),"",DR557) -> MAC-0554 | DV557: =IFERROR(VLOOKUP(DU557,$DR$3:$DT$1004,2,FALSE),"") -> 1315 | DW557: =IFERROR(VLOOKUP(DU557,$DR$3:$DT$1004,3,FALSE),"") -> 7821635 | EL557: MAC-0554 | EM557: 745 | EN557: 6210
X558: MAC-0555 | Y558: 620 | BM558: 248 | BN558: MAC-0559 | BP558: MAC-0555 | BQ558: 620 | BR558: =IF(OR(BP558="",BP558="Genel Toplam",BP558="(blank)"),"",BP558) -> MAC-0555 | BS558: =IFERROR(VLOOKUP(BR558,$BP$3:$BQ$1004,2,FALSE),"") -> 620 | CH558: 45780 | CI558: 56.634304 | CJ558: =IF(OR(CH558="",CH558="Grand Total",CH558="(blank)"),"",CH558) -> 45780 | CK558: =IFERROR(VLOOKUP(CJ558,$CH$3:$CI$983,2,FALSE),"") -> 56.634304 | CO558: =IF(OR(CM558="",CM558="Grand Total",CM558="(blank)"),"",CM558) | CP558: =IFERROR(VLOOKUP(CO558,$CM$3:$CN$983,2,FALSE),"") | DR558: MAC-0555 | DS558: 3587 | DT558: 6915204 | DU558: =IF(OR(DR558="",DR558="Genel Toplam",DR558="(blank)"),"",DR558) -> MAC-0555 | DV558: =IFERROR(VLOOKUP(DU558,$DR$3:$DT$1004,2,FALSE),"") -> 3587 | DW558: =IFERROR(VLOOKUP(DU558,$DR$3:$DT$1004,3,FALSE),"") -> 6915204 | EL558: MAC-0555 | EM558: 442 | EN558: 195
X559: MAC-0556 | Y559: 96 | BM559: 249 | BN559: MAC-0050 | BP559: MAC-0556 | BQ559: 96 | BR559: =IF(OR(BP559="",BP559="Genel Toplam",BP559="(blank)"),"",BP559) -> MAC-0556 | BS559: =IFERROR(VLOOKUP(BR559,$BP$3:$BQ$1004,2,FALSE),"") -> 96 | CH559: 45816 | CI559: 37.540453 | CJ559: =IF(OR(CH559="",CH559="Grand Total",CH559="(blank)"),"",CH559) -> 45816 | CK559: =IFERROR(VLOOKUP(CJ559,$CH$3:$CI$983,2,FALSE),"") -> 37.540453 | CO559: =IF(OR(CM559="",CM559="Grand Total",CM559="(blank)"),"",CM559) | CP559: =IFERROR(VLOOKUP(CO559,$CM$3:$CN$983,2,FALSE),"") | DR559: MAC-0556 | DS559: 455 | DT559: 3616242 | DU559: =IF(OR(DR559="",DR559="Genel Toplam",DR559="(blank)"),"",DR559) -> MAC-0556 | DV559: =IFERROR(VLOOKUP(DU559,$DR$3:$DT$1004,2,FALSE),"") -> 455 | DW559: =IFERROR(VLOOKUP(DU559,$DR$3:$DT$1004,3,FALSE),"") -> 3616242 | EL559: MAC-0556 | EM559: 892 | EN559: 4744
X560: MAC-0557 | Y560: 215 | BM560: 250 | BN560: MAC-0288 | BP560: MAC-0557 | BQ560: 215 | BR560: =IF(OR(BP560="",BP560="Genel Toplam",BP560="(blank)"),"",BP560) -> MAC-0557 | BS560: =IFERROR(VLOOKUP(BR560,$BP$3:$BQ$1004,2,FALSE),"") -> 215 | CH560: 45860 | CI560: 49.838188 | CJ560: =IF(OR(CH560="",CH560="Grand Total",CH560="(blank)"),"",CH560) -> 45860 | CK560: =IFERROR(VLOOKUP(CJ560,$CH$3:$CI$983,2,FALSE),"") -> 49.838188 | CO560: =IF(OR(CM560="",CM560="Grand Total",CM560="(blank)"),"",CM560) | CP560: =IFERROR(VLOOKUP(CO560,$CM$3:$CN$983,2,FALSE),"") | DR560: MAC-0557 | DS560: 1039 | DT560: 6050321 | DU560: =IF(OR(DR560="",DR560="Genel Toplam",DR560="(blank)"),"",DR560) -> MAC-0557 | DV560: =IFERROR(VLOOKUP(DU560,$DR$3:$DT$1004,2,FALSE),"") -> 1039 | DW560: =IFERROR(VLOOKUP(DU560,$DR$3:$DT$1004,3,FALSE),"") -> 6050321 | EL560: MAC-0557 | EM560: 698 | EN560: 8635
X561: MAC-0558 | Y561: 213 | BM561: 252 | BN561: MAC-0454 | BP561: MAC-0558 | BQ561: 213 | BR561: =IF(OR(BP561="",BP561="Genel Toplam",BP561="(blank)"),"",BP561) -> MAC-0558 | BS561: =IFERROR(VLOOKUP(BR561,$BP$3:$BQ$1004,2,FALSE),"") -> 213 | CH561: 45980 | CI561: 29.773463 | CJ561: =IF(OR(CH561="",CH561="Grand Total",CH561="(blank)"),"",CH561) -> 45980 | CK561: =IFERROR(VLOOKUP(CJ561,$CH$3:$CI$983,2,FALSE),"") -> 29.773463 | CO561: =IF(OR(CM561="",CM561="Grand Total",CM561="(blank)"),"",CM561) | CP561: =IFERROR(VLOOKUP(CO561,$CM$3:$CN$983,2,FALSE),"") | DR561: MAC-0558 | DS561: 2291 | DT561: 12318369 | DU561: =IF(OR(DR561="",DR561="Genel Toplam",DR561="(blank)"),"",DR561) -> MAC-0558 | DV561: =IFERROR(VLOOKUP(DU561,$DR$3:$DT$1004,2,FALSE),"") -> 2291 | DW561: =IFERROR(VLOOKUP(DU561,$DR$3:$DT$1004,3,FALSE),"") -> 12318369 | EL561: MAC-0558 | EM561: 354 | EN561: 634
X562: MAC-0559 | Y562: 248 | BM562: 252 | BN562: MAC-0798 | BP562: MAC-0559 | BQ562: 248 | BR562: =IF(OR(BP562="",BP562="Genel Toplam",BP562="(blank)"),"",BP562) -> MAC-0559 | BS562: =IFERROR(VLOOKUP(BR562,$BP$3:$BQ$1004,2,FALSE),"") -> 248 | CH562: 46056 | CI562: 57.928803 | CJ562: =IF(OR(CH562="",CH562="Grand Total",CH562="(blank)"),"",CH562) -> 46056 | CK562: =IFERROR(VLOOKUP(CJ562,$CH$3:$CI$983,2,FALSE),"") -> 57.928803 | CO562: =IF(OR(CM562="",CM562="Grand Total",CM562="(blank)"),"",CM562) | CP562: =IFERROR(VLOOKUP(CO562,$CM$3:$CN$983,2,FALSE),"") | DR562: MAC-0559 | DS562: 28992 | DT562: 88611022 | DU562: =IF(OR(DR562="",DR562="Genel Toplam",DR562="(blank)"),"",DR562) -> MAC-0559 | DV562: =IFERROR(VLOOKUP(DU562,$DR$3:$DT$1004,2,FALSE),"") -> 28992 | DW562: =IFERROR(VLOOKUP(DU562,$DR$3:$DT$1004,3,FALSE),"") -> 88611022 | EL562: MAC-0559 | EM562: 426 | EN562: 405
X563: MAC-0560 | Y563: 283 | BM563: 253 | BN563: MAC-0322 | BP563: MAC-0560 | BQ563: 283 | BR563: =IF(OR(BP563="",BP563="Genel Toplam",BP563="(blank)"),"",BP563) -> MAC-0560 | BS563: =IFERROR(VLOOKUP(BR563,$BP$3:$BQ$1004,2,FALSE),"") -> 283 | CH563: 46150 | CI563: 47.572816 | CJ563: =IF(OR(CH563="",CH563="Grand Total",CH563="(blank)"),"",CH563) -> 46150 | CK563: =IFERROR(VLOOKUP(CJ563,$CH$3:$CI$983,2,FALSE),"") -> 47.572816 | CO563: =IF(OR(CM563="",CM563="Grand Total",CM563="(blank)"),"",CM563) | CP563: =IFERROR(VLOOKUP(CO563,$CM$3:$CN$983,2,FALSE),"") | DR563: MAC-0560 | DS563: 3537 | DT563: 13636504 | DU563: =IF(OR(DR563="",DR563="Genel Toplam",DR563="(blank)"),"",DR563) -> MAC-0560 | DV563: =IFERROR(VLOOKUP(DU563,$DR$3:$DT$1004,2,FALSE),"") -> 3537 | DW563: =IFERROR(VLOOKUP(DU563,$DR$3:$DT$1004,3,FALSE),"") -> 13636504 | EL563: MAC-0560 | EM563: 581 | EN563: 4304
X564: MAC-0561 | Y564: 125 | BM564: 253 | BN564: MAC-0664 | BP564: MAC-0561 | BQ564: 125 | BR564: =IF(OR(BP564="",BP564="Genel Toplam",BP564="(blank)"),"",BP564) -> MAC-0561 | BS564: =IFERROR(VLOOKUP(BR564,$BP$3:$BQ$1004,2,FALSE),"") -> 125 | CH564: 46152 | CI564: 61.488673 | CJ564: =IF(OR(CH564="",CH564="Grand Total",CH564="(blank)"),"",CH564) -> 46152 | CK564: =IFERROR(VLOOKUP(CJ564,$CH$3:$CI$983,2,FALSE),"") -> 61.488673 | CO564: =IF(OR(CM564="",CM564="Grand Total",CM564="(blank)"),"",CM564) | CP564: =IFERROR(VLOOKUP(CO564,$CM$3:$CN$983,2,FALSE),"") | DR564: MAC-0561 | DS564: 591 | DT564: 4033151 | DU564: =IF(OR(DR564="",DR564="Genel Toplam",DR564="(blank)"),"",DR564) -> MAC-0561 | DV564: =IFERROR(VLOOKUP(DU564,$DR$3:$DT$1004,2,FALSE),"") -> 591 | DW564: =IFERROR(VLOOKUP(DU564,$DR$3:$DT$1004,3,FALSE),"") -> 4033151 | EL564: MAC-0561 | EM564: 787 | EN564: 6338
X565: MAC-0562 | Y565: 435 | BM565: 254 | BN565: MAC-0033 | BP565: MAC-0562 | BQ565: 435 | BR565: =IF(OR(BP565="",BP565="Genel Toplam",BP565="(blank)"),"",BP565) -> MAC-0562 | BS565: =IFERROR(VLOOKUP(BR565,$BP$3:$BQ$1004,2,FALSE),"") -> 435 | CH565: 46176 | CI565: 40.453074 | CJ565: =IF(OR(CH565="",CH565="Grand Total",CH565="(blank)"),"",CH565) -> 46176 | CK565: =IFERROR(VLOOKUP(CJ565,$CH$3:$CI$983,2,FALSE),"") -> 40.453074 | CO565: =IF(OR(CM565="",CM565="Grand Total",CM565="(blank)"),"",CM565) | CP565: =IFERROR(VLOOKUP(CO565,$CM$3:$CN$983,2,FALSE),"") | DR565: MAC-0562 | DS565: 1364 | DT565: 7235213 | DU565: =IF(OR(DR565="",DR565="Genel Toplam",DR565="(blank)"),"",DR565) -> MAC-0562 | DV565: =IFERROR(VLOOKUP(DU565,$DR$3:$DT$1004,2,FALSE),"") -> 1364 | DW565: =IFERROR(VLOOKUP(DU565,$DR$3:$DT$1004,3,FALSE),"") -> 7235213 | EL565: MAC-0562 | EM565: 615 | EN565: 8332
X566: MAC-0563 | Y566: 97 | BM566: 254 | BN566: MAC-0073 | BP566: MAC-0563 | BQ566: 97 | BR566: =IF(OR(BP566="",BP566="Genel Toplam",BP566="(blank)"),"",BP566) -> MAC-0563 | BS566: =IFERROR(VLOOKUP(BR566,$BP$3:$BQ$1004,2,FALSE),"") -> 97 | CH566: 46250 | CI566: 51.132686 | CJ566: =IF(OR(CH566="",CH566="Grand Total",CH566="(blank)"),"",CH566) -> 46250 | CK566: =IFERROR(VLOOKUP(CJ566,$CH$3:$CI$983,2,FALSE),"") -> 51.132686 | CO566: =IF(OR(CM566="",CM566="Grand Total",CM566="(blank)"),"",CM566) | CP566: =IFERROR(VLOOKUP(CO566,$CM$3:$CN$983,2,FALSE),"") | DR566: MAC-0563 | DS566: 1758 | DT566: 2186508 | DU566: =IF(OR(DR566="",DR566="Genel Toplam",DR566="(blank)"),"",DR566) -> MAC-0563 | DV566: =IFERROR(VLOOKUP(DU566,$DR$3:$DT$1004,2,FALSE),"") -> 1758 | DW566: =IFERROR(VLOOKUP(DU566,$DR$3:$DT$1004,3,FALSE),"") -> 2186508 | EL566: MAC-0563 | EM566: 588 | EN566: 7240
... X982: MAC-0979 | Y982: 383 | BM982: 707 | BN982: MAC-0233 | BP982: MAC-0979 | BQ982: 383 | BR982: =IF(OR(BP982="",BP982="Genel Toplam",BP982="(blank)"),"",BP982) -> MAC-0979 | BS982: =IFERROR(VLOOKUP(BR982,$BP$3:$BQ$1004,2,FALSE),"") -> 383 | CH982: 94848 | CI982: 73.139159 | CJ982: =IF(OR(CH982="",CH982="Grand Total",CH982="(blank)"),"",CH982) -> 94848 | CK982: =IFERROR(VLOOKUP(CJ982,$CH$3:$CI$983,2,FALSE),"") -> 73.139159 | CO982: =IF(OR(CM982="",CM982="Grand Total",CM982="(blank)"),"",CM982) | CP982: =IFERROR(VLOOKUP(CO982,$CM$3:$CN$983,2,FALSE),"") | DR982: MAC-0979 | DS982: 1539 | DT982: 4300099 | DU982: =IF(OR(DR982="",DR982="Genel Toplam",DR982="(blank)"),"",DR982) -> MAC-0979 | DV982: =IFERROR(VLOOKUP(DU982,$DR$3:$DT$1004,2,FALSE),"") -> 1539 | DW982: =IFERROR(VLOOKUP(DU982,$DR$3:$DT$1004,3,FALSE),"") -> 4300099 | EL982: MAC-0979 | EM982: 521 | EN982: 9538
X983: MAC-0980 | Y983: 309 | BM983: 712 | BN983: MAC-0658 | BP983: MAC-0980 | BQ983: 309 | BR983: =IF(OR(BP983="",BP983="Genel Toplam",BP983="(blank)"),"",BP983) -> MAC-0980 | BS983: =IFERROR(VLOOKUP(BR983,$BP$3:$BQ$1004,2,FALSE),"") -> 309 | CH983: Genel Toplam | CI983: 43935.922 | CJ983: =IF(OR(CH983="",CH983="Grand Total",CH983="(blank)"),"",CH983) -> Genel Toplam | CK983: =IFERROR(VLOOKUP(CJ983,$CH$3:$CI$983,2,FALSE),"") -> 43935.922 | CO983: =IF(OR(CM983="",CM983="Grand Total",CM983="(blank)"),"",CM983) | CP983: =IFERROR(VLOOKUP(CO983,$CM$3:$CN$983,2,FALSE),"") | DR983: MAC-0980 | DS983: 997 | DT983: 5959198 | DU983: =IF(OR(DR983="",DR983="Genel Toplam",DR983="(blank)"),"",DR983) -> MAC-0980 | DV983: =IFERROR(VLOOKUP(DU983,$DR$3:$DT$1004,2,FALSE),"") -> 997 | DW983: =IFERROR(VLOOKUP(DU983,$DR$3:$DT$1004,3,FALSE),"") -> 5959198 | EL983: MAC-0980 | EM983: 566 | EN983: 10304
X984: MAC-0981 | Y984: 455 | BM984: 719 | BN984: MAC-0729 | BP984: MAC-0981 | BQ984: 455 | BR984: =IF(OR(BP984="",BP984="Genel Toplam",BP984="(blank)"),"",BP984) -> MAC-0981 | BS984: =IFERROR(VLOOKUP(BR984,$BP$3:$BQ$1004,2,FALSE),"") -> 455 | DR984: MAC-0981 | DS984: 30728 | DT984: 9657321 | DU984: =IF(OR(DR984="",DR984="Genel Toplam",DR984="(blank)"),"",DR984) -> MAC-0981 | DV984: =IFERROR(VLOOKUP(DU984,$DR$3:$DT$1004,2,FALSE),"") -> 30728 | DW984: =IFERROR(VLOOKUP(DU984,$DR$3:$DT$1004,3,FALSE),"") -> 9657321 | EL984: MAC-0981 | EM984: 321 | EN984: 486
X985: MAC-0982 | Y985: 548 | BM985: 726 | BN985: MAC-0045 | BP985: MAC-0982 | BQ985: 548 | BR985: =IF(OR(BP985="",BP985="Genel Toplam",BP985="(blank)"),"",BP985) -> MAC-0982 | BS985: =IFERROR(VLOOKUP(BR985,$BP$3:$BQ$1004,2,FALSE),"") -> 548 | DR985: MAC-0982 | DS985: 941 | DT985: 3291841 | DU985: =IF(OR(DR985="",DR985="Genel Toplam",DR985="(blank)"),"",DR985) -> MAC-0982 | DV985: =IFERROR(VLOOKUP(DU985,$DR$3:$DT$1004,2,FALSE),"") -> 941 | DW985: =IFERROR(VLOOKUP(DU985,$DR$3:$DT$1004,3,FALSE),"") -> 3291841 | EL985: MAC-0982 | EM985: 433 | EN985: 952
X986: MAC-0983 | Y986: 215 | BM986: 750 | BN986: MAC-0572 | BP986: MAC-0983 | BQ986: 215 | BR986: =IF(OR(BP986="",BP986="Genel Toplam",BP986="(blank)"),"",BP986) -> MAC-0983 | BS986: =IFERROR(VLOOKUP(BR986,$BP$3:$BQ$1004,2,FALSE),"") -> 215 | DR986: MAC-0983 | DS986: 1722 | DT986: 2708919 | DU986: =IF(OR(DR986="",DR986="Genel Toplam",DR986="(blank)"),"",DR986) -> MAC-0983 | DV986: =IFERROR(VLOOKUP(DU986,$DR$3:$DT$1004,2,FALSE),"") -> 1722 | DW986: =IFERROR(VLOOKUP(DU986,$DR$3:$DT$1004,3,FALSE),"") -> 2708919 | EL986: MAC-0983 | EM986: 522 | EN986: 2749
X987: MAC-0984 | Y987: 77 | BM987: 752 | BN987: MAC-0272 | BP987: MAC-0984 | BQ987: 77 | BR987: =IF(OR(BP987="",BP987="Genel Toplam",BP987="(blank)"),"",BP987) -> MAC-0984 | BS987: =IFERROR(VLOOKUP(BR987,$BP$3:$BQ$1004,2,FALSE),"") -> 77 | DR987: MAC-0984 | DS987: 3065 | DT987: 16466465 | DU987: =IF(OR(DR987="",DR987="Genel Toplam",DR987="(blank)"),"",DR987) -> MAC-0984 | DV987: =IFERROR(VLOOKUP(DU987,$DR$3:$DT$1004,2,FALSE),"") -> 3065 | DW987: =IFERROR(VLOOKUP(DU987,$DR$3:$DT$1004,3,FALSE),"") -> 16466465 | EL987: MAC-0984 | EM987: 672 | EN987: 5352
X988: MAC-0985 | Y988: 160 | BM988: 755 | BN988: MAC-0472 | BP988: MAC-0985 | BQ988: 160 | BR988: =IF(OR(BP988="",BP988="Genel Toplam",BP988="(blank)"),"",BP988) -> MAC-0985 | BS988: =IFERROR(VLOOKUP(BR988,$BP$3:$BQ$1004,2,FALSE),"") -> 160 | DR988: MAC-0985 | DS988: 43357 | DT988: 130953644 | DU988: =IF(OR(DR988="",DR988="Genel Toplam",DR988="(blank)"),"",DR988) -> MAC-0985 | DV988: =IFERROR(VLOOKUP(DU988,$DR$3:$DT$1004,2,FALSE),"") -> 43357 | DW988: =IFERROR(VLOOKUP(DU988,$DR$3:$DT$1004,3,FALSE),"") -> 130953644 | EL988: MAC-0985 | EM988: 235 | EN988: 273
...

Sheet dash1

Sheet dash2
K12: 95 | L12: %

Sheet dash 3

Sheet dash4
